countries,1985,1986,1987,1988,1989,1990,1991,1992,1993,1994,1995,1996,1997,1998,1999,2000,2001,2002,2003,2004,2005,2006,2007,2008,2009,2010,2011,2012,2013,2014,2015,2016,2017,2018,2019,2020,2021
Afghanistan,11426855,11420074,11387824,11523299,11874088,12045664,12238879,13278982,14943174,16250799,17065836,17763265,18452100,19159996,19887791,20130334,20284303,21378123,22733054,23560656,24404574,25424100,25909852,26482629,27466101,28284088,29347709,30560036,31622708,32792527,33831765,34700614,35688942,36743040,37856126,39068978,40000411
Albania,3026245,3087659,3148843,3212924,3260370,3277964,3282607,3282506,3277830,3269417,3258571,3245681,3229665,3210133,3188596,3166147,3147941,3134094,3118092,3098663,3076155,3050804,3022887,2992933,2961487,2928730,2911500,2910003,2907570,2903748,2898634,2897868,2898247,2894231,2885012,2871951,2849643
Algeria,22008541,22745500,23443628,24109537,24754488,25375816,25987937,26628568,27277040,27887276,28470194,29033045,29579300,30054135,30474359,30903895,31331226,31750833,32175813,32628286,33109258,33623505,34189420,34816962,35490443,36188236,36903375,37646164,38414176,39205035,40019528,40850720,41689304,42505033,43294550,44042093,44761101
American Samoa,39126,40588,42095,43634,45207,46659,47904,49055,50178,51273,52337,53378,54385,55354,56265,56877,57072,57080,56988,56841,56637,56390,56133,55848,55541,55245,54917,54505,54026,53490,52895,52261,51606,50928,50230,49779,49248
Angola,9779125,10139458,10497864,10861301,11238562,11626359,12023533,12423717,12827135,13249762,13699780,14170973,14660420,15159377,15667234,16194872,16747204,17327701,17943717,18600426,19291161,20015280,20778569,21578655,22414774,23294821,24218358,25177399,26165616,27160766,28157801,29183072,30234837,31297160,32375632,33451140,34532427
Antarctica,47543,47543,47543,47543,47543,47543,47543,47543,47543,47543,47543,47543,47543,47543,47543,47543,47543,47543,47543,47543,47543,47543,47543,47543,47543,47543,47543,47543,47543,47543,47543,47543,47543,47543,47543,47543,47543
Antigua and Barbuda,64606,64293,63964,63641,63346,63087,63406,64421,65600,66860,68209,69628,71071,72429,73681,74929,76082,77049,77895,78734,79628,80619,81716,82926,84192,85337,86349,87275,88074,88783,89422,89981,90483,90942,91377,91864,92358
Argentina,30336448,30811983,31291764,31780533,32270958,32755907,33230292,33693532,34152718,34613491,35070016,35513794,35947790,36372863,36794686,37213985,37624818,38029346,38424284,38815915,39216787,39622113,40016766,40424149,40854832,41288694,41730655,42161718,42582454,43024072,43477009,43900312,44288898,44654876,44973468,45191960,45312283
Armenia,,,,,,,,3571869,3453338,3364620,3307585,3278738,3246292,3208400,3167282,3125630,3084350,3055635,3038976,3022544,3006360,2990371,2974825,2959996,2945518,2931083,2923267,2922528,2922528,2922433,2921179,2918795,2914967,2909970,2903975,2890894,2870339
Aruba,,63641,63420,63219,63413,64452,66564,68889,71090,73476,75931,78495,81121,83787,86482,88772,90320,91392,92324,93223,94238,95403,96604,97815,99040,100127,100994,101774,102570,103381,104200,104989,105736,106447,107089,107411,107565
Australia,314500,314500,314500,314500,314500,314500,314500,314500,314500,314500,314500,314500,314500,314500,314500,314500,19365437,19595357,19819450,20046680,20294490,20590565,20954545,21370595,21783014,22141583,22479778,22852649,23236271,23595599,23947998,24329961,24731044,25119700,25482714,25743787,25956416
Austria,7564311,7569397,7574314,7585347,7620406,7679626,7757140,7842716,7907492,7938156,7950322,7960918,7969802,7978465,7993895,8012929,8042232,8081638,8122605,8173494,8229204,8269902,8296949,8323250,8345072,8365087,8393272,8431598,8481411,8547812,8644037,8737920,8798780,8841652,8880875,8921402,8967053
Azerbaijan,6799822,6891349,6977657,7081403,7167583,7231085,7314314,7405779,7504118,7608896,7719283,7830982,7936220,8025808,8100472,8174783,8251776,8326141,8400529,8489875,8597248,8711380,8828316,8942637,9046336,9146852,9256154,9376181,9504417,9631136,9752859,9868434,9968511,10039778,10110486,10181736,10234373
Bahamas,253169,257547,261948,266457,271186,275955,280745,285938,291348,296520,301470,306282,310914,315375,319623,323846,327846,331625,335625,339794,343905,348385,353342,358133,362807,367482,371738,375474,378957,382311,385355,388060,390497,392718,394684,395874,396381
Bahrain,430365,446290,462864,479931,497329,514800,531883,547754,562820,577960,593228,608595,624020,639391,654621,669590,699964,752206,811278,871449,932619,994626,1057418,1120717,1183616,1213250,1206734,1216308,1257206,1312858,1369656,1429609,1482004,1497634,1485675,1483081,1501762
Bangladesh,100253825,102635570,104959291,107216011,109433805,111633723,113787112,115952198,118132363,120343183,122600371,124862185,127198069,129622333,132108064,134544303,136805812,138933659,140970356,142902855,144715789,146405982,147989283,149474264,150873716,152201977,153591075,155070111,156532135,157964931,159383180,160811935,162186147,163523108,164913060,166298024,167658855
Barbados,255831,256628,257286,257768,258111,258581,259382,260273,261034,261627,262044,262290,262404,262437,262521,262069,262428,264151,265787,267296,268719,270010,271296,272718,274137,275250,276149,276947,277670,278355,278997,279604,280176,280715,281216,281705,282156
Belarus,9944185,10004288,10057608,10107636,10158780,10186257,10193888,10217561,10241320,10230192,10197466,10164023,10122364,10080580,10039223,9991311,9938068,9873451,9803174,9735090,9667831,9608041,9563136,9529357,9507334,9490752,9472737,9463075,9464454,9472704,9487288,9499067,9495792,9480033,9435414,9350943,9251367
Belgium,9880337,9886981,9899150,9916567,9936574,9960969,9998961,10045987,10084932,10116005,10137264,10156973,10181465,10203186,10226681,10251719,10287004,10332978,10376260,10421298,10478883,10548446,10625490,10709710,10812936,10936620,11038627,11107524,11160277,11210111,11275332,11332704,11376583,11428609,11490622,11540103,11570842
Belize,163813,167570,171350,175195,179123,183090,187057,190994,194916,199100,204165,210321,217457,225186,233064,240809,248394,256018,263793,271695,279746,287890,296117,304373,312618,320256,327307,334420,341633,348935,356340,364717,373216,380232,385833,390819,395356
Benin,4538016,4675420,4818487,4967342,5121658,5281485,5446934,5617849,5872707,6096510,6226774,6391859,6583375,6789491,7002819,7221618,7445599,7675428,7913074,8159100,8426146,8693241,8953973,9228469,9509432,9797488,10093626,10397662,10708831,11030008,11360681,11697845,12039777,12383349,12726761,13070170,13413423
Bermuda,55568,55908,56286,56715,57148,57584,58007,58430,58833,59214,59549,59836,60193,60659,61139,61569,61887,62164,62405,62576,62730,62854,63031,63319,63587,63748,63751,63665,63594,63551,63481,63466,63602,63852,64130,64405,64672
Bhutan,508400,524327,540570,557002,573592,589295,599789,577779,554679,554510,547996,548792,558699,569438,582590,596870,610803,624417,637669,650558,661872,670800,678643,686359,693995,701639,709387,717288,725283,733151,740624,747878,754343,759767,764829,770014,775451
Bolivia,6416194,6552481,6692169,6835508,6981771,7130142,7280293,7430337,7579196,7727321,7874676,8021742,8167910,8313399,8459812,8606331,8752740,8900357,9050704,9204297,9360758,9521685,9685962,9850858,10016280,10182345,10348932,10515813,10682612,10848889,11014707,11180019,11344592,11508370,11671386,11816300,11937369
Bosnia and Herzegovina,,,,,,,,4234620,3904484,3725411,3715565,3875246,4018228,4089357,4130312,4159785,4179446,4188007,4178524,4140990,4096494,4063271,4013421,3947546,3879798,3811480,3741800,3670108,3610858,3564831,3518541,3472997,3428684,3386999,3345534,3299352,3244909
Botswana,1121954,1160655,1199181,1235487,1270281,1305699,1341767,1380038,1420120,1460030,1498843,1535918,1571699,1606906,1642006,1677384,1712264,1744765,1775743,1807153,1839881,1874527,1911202,1949972,1990671,2033110,2073537,2108614,2140687,2172052,2203276,2234783,2266748,2299148,2332081,2365895,2401449
Brazil,415018,415018,415018,415018,415018,415018,415018,415018,415018,415018,415018,415018,415018,415018,415018,415018,415018,415018,415018,415018,415018,415018,188552310,190367297,192079956,193701931,195284736,196876114,198478291,200085126,201675534,203218108,204703440,206107265,207455459,208660845,209550291
British Virgin Islands,2839926083,2839926083,2839926083,2839926083,2839926083,2839926083,2839926083,2839926083,2839926083,2839926083,2839926083,2839926083,2839926083,2839926083,2839926083,2839926083,2839926083,2839926083,2839926083,2839926083,2839926083,2839926083,2839926083,2839926083,2839926083,2839926083,2839926083,2839926083,2839926083,2839926083,2839926083,2839926083,2839926083,2839926083,2839926083,2839926083,2839926083
Brunei,218928,226510,233876,240926,248077,255306,262603,269848,276979,284097,291207,298283,305357,312398,319412,326428,333353,340108,346649,352921,358930,364669,370884,377800,384964,392340,399395,405566,411206,416754,422224,427573,432788,437813,442687,447412,451723
Bulgaria,8958852,8963472,8976205,8985725,8936388,8822365,8695799,8559091,8466532,8416925,8357576,8291403,8217101,8138192,8067463,8000519,7928456,7861949,7804406,7749431,7695047,7640290,7586895,7535590,7488018,7437594,7380021,7317021,7264606,7223451,7177516,7127436,7075639,7024746,6975467,6933654,6877222
Burkina Faso,7999933,8228848,8457114,8687441,8921176,9159359,9394631,9629280,9871716,10123807,10386724,10655942,10934224,11240668,11574930,11925548,12294996,12680901,13082531,13500537,13932127,14373711,14816312,15258103,15710065,16176504,16661907,17172283,17695412,18229466,18777488,19334854,19894413,20438288,20961954,21478692,21995249
Burundi,5034044,5129423,5247791,5365332,5471704,5587053,5703861,5858404,5676848,5713858,6066321,6070509,6070038,6187113,6337155,6470196,6634368,6824140,7043158,7310656,7587304,7865546,8161879,8505644,8947653,9376447,9717980,10071034,10439345,10799790,11047580,11239458,11506765,11859444,12255339,12617042,12965487
Cambodia,10453,10453,10453,10453,10453,10453,10453,10453,10453,10453,10453,10453,10453,10453,10453,10453,10453,12855249,13050978,13244739,13439204,13639030,13841775,14053479,14276819,14500732,14722587,14945090,15170212,15396771,15623253,15852802,16073374,16274521,16481304,16725482,16974308
Cameroon,9761726,10060342,10370753,10684973,11002748,11331825,11667184,12006362,12353131,12704899,13058518,13414762,13775217,14144859,14525145,14912633,15309490,15725534,16160340,16610487,17074598,17550402,18049895,18574054,19113979,19668064,20232312,20809531,21402379,22059894,22763419,23454167,24128608,24806379,25506096,26210566,26915764
Canada,25927463,26211035,26540914,26927938,27366047,27789436,28157153,28500065,28830635,29147382,29459136,29767210,30059087,30329968,30599458,30891800,31213577,31535580,31836484,32132680,32440173,32759174,33092172,33449089,33826369,34196901,34555450,34922512,35293420,35634265,35962236,36353345,36808500,37294997,37782931,38171901,38454058
Cape Verde,347370,352320,357307,362338,367820,375436,384603,393427,401976,410231,418117,425592,432803,439790,446529,453334,460300,467055,473384,479377,485127,490727,496195,501363,506149,509794,511453,511966,512232,512334,512405,512556,512899,513417,514116,514684,516655
Cayman Islands,21349,22220,23095,23969,24900,26023,27315,28642,29998,31379,32764,34168,35568,36949,38304,39699,41109,42534,43951,45371,46809,48252,49709,51175,52638,54119,55630,57153,58678,60179,61665,63122,64562,65963,67346,68701,70126
Central African Republic,2600939,2634263,2669153,2713968,2783977,2871915,2963195,3058837,3157841,3257957,3348061,3435973,3531700,3628834,3729453,3833422,3919497,4006080,4103091,4192828,4288813,4377583,4462777,4558988,4529051,4493001,4565022,4610848,4642424,4623188,4629323,4713663,4793511,4878664,4944707,5026629,5112102
Chad,9682,9682,9682,9682,9682,9682,9682,9682,9682,9682,9682,9682,9682,9682,8222711,8512092,8804121,9116194,9487830,9920036,10328095,10706425,11081667,11476300,11893752,12312582,12755003,13211007,13691081,14188681,14647625,15114649,15622758,16156535,16685223,17224685,17828274
Chile,34799,34799,34799,34799,34799,34799,34799,34799,34799,34799,34799,34799,34799,34799,34799,34799,34799,34799,34799,34799,34799,34799,34799,34799,34799,34799,34799,34799,34799,34799,34799,34799,34799,34799,34799,34799,34799
China,1059807821,1077233612,1096217446,1115244161,1133991005,1153582718,1170788527,1184574240,1197308569,1209003100,1220133927,1230944812,1241139619,1250847121,1260176650,1269581164,1278725057,1286866839,1294517315,1302100319,1310027138,1318054037,1325813580,1333821009,1342522709,1351561511,1360250657,1369520865,1379008046,1387951973,1396134164,1404052626,1412354742,1419008963,1423520354,1426106083,1426437276
Colombia,29268471,29879114,30499472,31130528,31776281,32440064,33098371,33760570,34441479,35127408,35804671,36462740,37121156,37792170,38454863,39089939,39709264,40324683,40937426,41543177,42128977,42691081,43235374,43758804,44271541,44777325,45259614,45715807,46151584,46565426,46969937,47437513,48131076,49024463,49907987,50629997,51188174
Comoros,388356,399328,410444,421697,433106,444602,455564,465119,473682,482148,490594,499113,507779,516606,525891,536084,547221,558928,569808,580711,592677,604752,616933,629314,641947,654845,668064,681637,696202,711511,726685,741745,756672,771596,786583,802172,818178
Congo,2059316,2120606,2183479,2247655,2313562,2380562,2449235,2519467,2595126,2673148,2749464,2826786,2887861,2952063,3032875,3151349,3272542,3350772,3445757,3565564,3696399,3837410,3980430,4113514,4281219,4462303,4609728,4740456,4857106,4975887,5097583,5222545,5351012,5483129,5616656,5752791,5892186
Cook Islands,16853,16626,16601,16771,16958,17146,17328,17495,17615,17709,17801,17880,17648,17102,16504,15876,15259,14994,15049,15103,15152,15233,15519,16003,16497,16999,17478,17689,17626,17555,17469,17358,17066,16622,16151,15663,15204
Costa Rica,2741904,2817219,2892698,2968102,3043826,3121707,3202181,3284261,3367436,3451122,3535181,3619014,3701712,3782840,3862104,3937737,4008950,4075712,4138790,4200080,4261240,4321339,4380249,4440057,4499788,4555965,4609834,4663932,4716153,4767126,4818044,4867002,4913177,4957814,4999551,5034323,5059992
Cote d'Ivoire,10040486,10440923,10851480,11275194,11719772,12189781,12683875,13200312,13735955,14287212,14855566,15442322,16047178,16663948,17215937,17699006,18178920,18654774,19125546,19594996,20068468,20546810,21030560,21514445,21997937,22488068,22982002,23467082,23939775,24527392,25246346,25989404,26733377,27464175,28193014,28915452,29639735
Croatia,,,,,,4835068,4825159,4782238,4729737,4675515,4619361,4562291,4504629,4445669,4385822,4326105,4301078,4305783,4306682,4310054,4313946,4315802,4315957,4314634,4310537,4301152,4280827,4259234,4242404,4219485,4183732,4136438,4079198,4024868,3986338,3953957,3924607
Cuba,10157229,10244250,10335337,10432589,10533248,10631797,10717639,10785807,10841040,10886022,10925362,10962011,10997932,11034717,11072229,11109111,11144132,11177421,11209378,11238755,11262552,11278550,11287273,11291764,11294716,11297413,11301577,11303173,11298163,11285781,11275068,11265614,11247825,11227118,11202847,11176349,11122169
Cyprus,731290,743116,754796,766239,777429,788354,798950,810343,826042,844669,862698,880296,897576,914552,931236,947667,964129,981443,999602,1017877,1036156,1054425,1072726,1091028,1109377,1127825,1146492,1165402,1183899,1201807,1219504,1237116,1254273,1270743,1286669,1302250,1317312
Czechia,10305142,10304373,10303423,10305448,10305609,10301990,10304419,10312449,10320402,10322332,10312040,10296139,10280049,10265431,10251383,10236809,10231941,10239474,10248907,10261454,10280158,10304594,10337541,10378296,10420986,10464035,10495508,10507338,10511164,10517222,10524419,10531947,10541343,10548935,10554871,10550130,10530683
Democratic Republic of Congo,31264819,32265203,33298910,34382755,35486865,36684066,37925828,39228908,40656338,42626874,44433718,45296126,46029908,47297596,48912973,50507444,52132648,53750528,55343873,56997741,58775726,60615907,62477753,64390658,66412040,68563037,70849311,73254623,75789395,78403248,81035535,83956415,87083400,90047647,92947450,95989999,99148931
Denmark,5113878,5120691,5127135,5129650,5132717,5141025,5154346,5171371,5188639,5206190,5233363,5263072,5285041,5304264,5321814,5339660,5358825,5375966,5390622,5404594,5419551,5437421,5461604,5493766,5523168,5547866,5570846,5591912,5615334,5643793,5683698,5728198,5765168,5793825,5814619,5831530,5856773
Djibouti,402690,426344,454407,484530,523362,579544,631098,626017,614247,626717,633075,648355,671826,699355,724228,747326,771313,795577,813528,826132,839173,855767,874531,892739,911523,930251,948566,966753,984832,1002720,1020315,1037660,1054842,1071886,1088708,1105194,1121251
Dominica,71767,71426,71044,70626,70171,69644,69321,69342,69453,69494,69490,69421,69315,69144,68883,68527,68300,68386,68552,68662,68747,68823,68861,68864,68881,68872,69072,69134,69733,70385,70429,69628,68514,68193,67901,67589,67223
Dominican Republic,755,755,755,755,755,755,755,755,755,755,755,755,755,755,755,755,8720288,8852232,8980626,9104889,9225036,9341187,9455662,9573136,9695269,9820181,9945622,10070410,10193837,10315524,10434826,10551430,10666846,10782049,10894043,11008297,11123480
East Timor,,,,,,,,,,,,,,,,,,,916878,929081,948310,976611,1004897,1032432,1058784,1084687,1110212,1134888,1158695,1181913,1205134,1228315,1251710,1275965,1300943,1326051,1350142
Ecuador,9311151,9545999,9779290,10010804,10241859,10473674,10702378,10930127,11154282,11372196,11590519,11810954,12031128,12251188,12470799,12689214,12910737,13138473,13372303,13608699,13846163,14086139,14328783,14575202,14825961,15076695,15326231,15572194,15807130,16035126,16266228,16505141,16759517,17049542,17340017,17546058,17682454
Egypt,50734974,52206295,53674436,55187678,56710641,58396625,60029001,61480663,62915681,64285594,65652622,67028046,68431737,69943298,71520952,73083287,74652034,76239138,77853549,79477439,81101013,82700405,84276227,85864791,87501636,89196070,91093068,93161001,95333551,97528656,99597333,101644586,103696057,105682093,107553159,109315119,110957004
El Salvador,4894704,4992771,5092444,5195828,5298976,5399729,5495080,5585611,5659958,5714140,5762134,5805284,5844577,5880786,5913908,5943366,5968058,5986629,5998595,6004673,6005583,6002322,6009819,6029301,6048284,6068252,6090128,6113976,6138845,6162953,6183674,6200805,6213537,6219801,6222316,6234680,6255781
Equatorial Guinea,385551,404741,422529,439658,456821,474288,492219,510776,530029,550147,571273,593495,616898,641478,667221,703286,749835,797968,847866,899924,947369,990350,1036053,1084538,1135684,1189096,1241843,1293484,1346220,1399829,1453926,1508193,1562401,1616425,1670184,1716479,1758796
Eritrea,,,,,,,,,,1913920,2025272,2128465,2152146,2180424,2212783,2247036,2312083,2392981,2493905,2598288,2661217,2703500,2743228,2816331,2887888,2945185,2998493,3036999,3074366,3095169,3105554,3124699,3150351,3192763,3240195,3291277,3350184
Estonia,1525281,1535594,1547259,1559099,1567590,1570310,1565380,1540213,1504344,1475716,1452776,1434655,1421494,1411206,1403579,1397001,1388174,1379438,1370849,1362682,1354847,1346884,1340709,1337078,1334528,1331450,1327366,1322616,1317921,1314456,1314581,1315850,1317432,1321971,1326821,1329674,1331750
Eswatini,88,88,88,88,88,88,88,88,88,88,88,88,88,88,1030785,1041428,1051066,1059456,1066706,1073168,1079021,1084443,1090712,1098098,1105157,1111650,1117845,1123869,1129999,1136305,1142823,1149516,1158197,1168931,1179885,1192733,1206599
Ethiopia,39842135,41037658,42460039,44150832,45879686,47609762,49717202,51853754,53708892,55611512,57537340,59467640,61404542,63363523,65374562,67411495,69487768,71635520,73832663,76077212,78367475,80703494,83103219,85543671,88007639,90538520,93149977,95798770,98438750,101115615,103867140,106718161,109666482,112664155,115737385,118917671,122138590
Falkland Islands,2259,2261,2280,2308,2339,2368,2417,2503,2596,2687,2789,2871,2929,2995,3055,3119,3167,3193,3212,3230,3242,3254,3249,3244,3233,3218,3205,3223,3291,3362,3432,3499,3541,3549,3541,3537,3524
Faroe Islands,45599,46028,46486,46980,47536,47524,46839,46043,45159,44194,43863,44203,44567,44920,45242,45687,46262,46852,47447,48040,48386,48454,48498,48528,48512,48189,47957,48112,48296,48515,48916,49554,50267,51061,51868,52615,53324
Fiji,723767,739319,750548,758707,766331,773326,779666,785350,790379,794780,798751,803789,812145,822258,831835,840913,849606,858057,866298,874366,882384,890370,897843,903403,907247,910426,912991,914919,916358,917589,918583,919167,918762,917184,914904,914970,916717
Finland,4902263,4918255,4932259,4946629,4964527,4986574,5013889,5042147,5066592,5088454,5107920,5124716,5139926,5153548,5165515,5176198,5187973,5200549,5212955,5228144,5246083,5266247,5288716,5313381,5338855,5363347,5388236,5413978,5439058,5461686,5479718,5495469,5508399,5515732,5521755,5529617,5541068
France,55467154,55752833,56048365,56361846,56685081,56990239,57271563,57554865,57801260,57999868,58192206,58380637,58568662,58778817,59084208,59483716,59905130,60327247,60741121,61175243,61625030,62049831,62432438,62780187,63106461,63417366,63733777,64058465,64387736,64692495,64916336,65086852,65284775,65519539,65729460,65905273,66083547
French Guiana,86116,91171,96427,101883,107579,112701,116987,121257,125659,130130,134642,139180,143737,148390,153752,160632,168543,176718,185099,193656,202451,210977,219123,226106,230715,234577,239525,245784,253249,260562,266377,271278,276158,280971,285576,289063,293023
French Polynesia,181004,185684,190462,195209,199650,203781,207753,211569,215232,218745,222128,225499,229133,232898,236606,240346,244107,247784,251651,255664,259518,263234,266449,268390,269496,270589,271732,273093,274737,276388,277878,279180,280096,279824,279039,279219,279807
Germany,77863423,77923807,78062321,78385993,79007063,79707964,80303189,80934901,81486770,81773612,82019890,82263195,82389631,82011933,81678279,81797255,81933883,82068328,82111619,82092706,82046731,81701971,81298546,81110781,80935275,80830917,80857877,80916393,81041580,81376078,82077546,82760100,83104012,83368506,83559185,83628711,83697082
Greece,10037038,10088762,10134530,10177008,10218039,10258492,10306643,10359894,10412749,10466265,10519233,10570081,10622327,10675412,10727952,10782638,10843165,10890288,10918466,10947370,10981340,11016108,11045737,11076873,11108069,11124665,11108841,11048294,10967535,10893169,10820901,10775506,10753532,10730845,10718580,10699370,10579561
Greenland,53235,53759,54280,54820,55332,55649,55740,55769,55780,55766,55857,56021,56115,56174,56147,56228,56431,56617,56782,56926,56969,56904,56806,56684,56548,56634,56853,56797,56532,56196,56048,56082,56093,56099,56108,56105,56065
Grenada,96124,96808,97537,98323,99132,99974,100807,101618,102398,103151,103889,104598,105309,106023,106743,107466,107998,108413,108896,109338,109743,110148,110530,110911,111266,111601,112095,112791,113498,114148,114691,115148,115449,115703,115995,116353,116695
Guam,124132,126980,129867,132816,135813,138623,141092,143401,145672,147881,150065,152179,154225,156243,158298,160078,161340,162325,163146,163816,164372,164848,165278,165704,166188,166533,166554,166347,165978,165493,164914,164241,163503,162691,161821,162167,163741
Guatemala,7849691,8070818,8296489,8532102,8775548,9024776,9272590,9522264,9779762,10043715,10312999,10583526,10857754,11139145,11422977,11697592,11969424,12246922,12525844,12807410,13087638,13367454,13652042,13935173,14215615,14500117,14792122,15089639,15387341,15681725,15971745,16268760,16567362,16845688,17103802,17357331,17598654
Guinea-Bissau,897707,912128,926872,942066,957793,973681,994641,1024365,1058754,1092038,1119951,1143542,1165550,1187478,1210211,1234746,1261281,1289316,1318809,1349570,1381590,1415315,1450990,1488060,1526384,1566350,1608084,1651425,1695978,1741125,1786461,1831899,1877074,1922166,1967704,2013259,2058842
Guyana,771483,768104,764125,759675,754872,749893,747869,749919,752970,755822,758395,760536,762248,763596,764489,764837,764484,763657,763107,762424,760924,758978,756874,754615,752095,749258,746158,746297,750021,754230,758785,763552,768483,791563,807667,807487,815484
Haiti,6190868,6316123,6445124,6578150,6714732,6854444,6995456,7136576,7278182,7419777,7562551,7707560,7854304,8002146,8151302,8303151,8455916,8607647,8759912,8910267,9061274,9216568,9373301,9530783,9689586,9803299,9914904,10069769,10222365,10373241,10523249,10671460,10817758,10962373,11105164,11243847,11374592
Honduras,4323339,4448906,4576911,4707684,4841842,4980491,5123796,5271437,5423253,5579247,5739636,5903962,6071458,6234437,6400469,6577780,6757992,6938867,7119213,7299005,7478362,7656831,7834805,8012590,8189904,8365882,8540587,8715080,8889277,9063127,9237305,9412380,9588143,9765209,9943637,10119637,10289882
Hong Kong,5393122,5451436,5486376,5514905,5540574,5560598,5628090,5759557,5902508,6042260,6177105,6302468,6416672,6521332,6616524,6704664,6774243,6821411,6858906,6888164,6908482,6931090,6971344,7020689,7064465,7101612,7142969,7201060,7264330,7319503,7366411,7408005,7444890,7471189,7485816,7490240,7484604
Hungary,10547258,10511100,10475104,10440534,10403420,10381280,10378175,10371477,10356868,10339937,10322790,10302236,10278600,10251715,10219797,10190596,10166692,10138462,10108970,10085789,10065704,10049947,10034084,10016655,10001382,9979129,9946675,9916620,9889344,9862843,9839210,9810530,9785606,9774395,9770346,9749460,9707848
Iceland,241414,243196,245865,249732,252861,254844,257814,261087,263758,266061,267517,268968,271193,274119,277450,281294,285060,287609,289615,292171,296851,303883,311661,317519,318619,318163,319140,320847,323891,327516,330962,335572,343536,352861,360709,366626,372649
India,84810,84810,84810,84810,84810,84810,84810,84810,84810,84810,84810,84810,84810,84810,84810,84810,84810,84810,84810,84810,84810,84810,84810,84810,84810,84810,84810,84810,84810,84810,84810,84810,84810,84810,84810,84810,84810
Indonesia,166776182,170175064,173511158,176855069,180201637,183501097,186778237,190043743,193305171,196591830,199888054,203204352,206536090,209826791,213004666,216077791,219097906,222088499,225048004,227926647,230871649,233951650,237062339,240157901,243220024,246305326,249470029,252698526,255852466,258877397,261799249,264627428,267346655,269951847,272489379,274814864,276758056
Iran,49582288,51446047,53323493,55072694,56704919,58380097,59986931,61184982,61403548,61520597,62205571,62881296,63639637,64519866,65445389,66418662,67452003,68011316,68769345,70256316,71828456,73392746,74602646,75514200,76457832,77420852,78383602,79370583,80414688,81502045,82619365,83812229,85026761,86118000,87051647,87723446,88455491
Iraq,15683430,16074147,16521051,16908823,17364553,17581208,17767257,18300849,19201194,20139819,20825860,21501321,22176603,22884401,23636530,24424059,25197841,26006558,26802660,27577878,28407450,28616518,28391605,28971042,30058207,31045365,32161425,33654841,35281987,36550059,37560535,38469629,39337357,40265629,41192172,42116604,43071210
Ireland,3531274,3541875,3540381,3525093,3511071,3514015,3534260,3558417,3576120,3590161,3610696,3638507,3672287,3711075,3752937,3802590,3862978,3928440,3992938,4066064,4155282,4268774,4393518,4485992,4533750,4559083,4579604,4600137,4624687,4658237,4702497,4753505,4810258,4872557,4933491,4982604,5028430
Israel,4105362,4168965,4236875,4307326,4381512,4544995,4779892,4957239,5086041,5216699,5354736,5499554,5646476,5790142,5946079,6111195,6259977,6387714,6502821,6615084,6728208,6844028,6962456,7082621,7206096,7336737,7471021,7607784,7749369,7897173,8052915,8210005,8361796,8510068,8657466,8800379,8942925
Italy,56855498,56875982,56891919,56928746,56976750,57031457,57075393,57124992,57170761,57420136,57403344,57162098,57189272,57215190,57240797,57272200,57305758,57420635,57739696,58176735,58519697,58754433,59108723,59561686,59904016,60164212,60367882,60531522,60653865,60664169,60575314,60478103,60390317,60277496,60130136,59912763,59729354
Jamaica,2290656,2312124,2329816,2345785,2361922,2379880,2400873,2424697,2449911,2475225,2500152,2524471,2547852,2569741,2589797,2607828,2624409,2640581,2656627,2672226,2687069,2700972,2713809,2725632,2737001,2748573,2760492,2772431,2783689,2793756,2802535,2809919,2815767,2820103,2823275,2830746,2837682
Japan,120832158,121366733,121943589,122476957,122947411,123399767,123889870,124383707,124839954,125286862,125672659,125975305,126265926,126549181,126801566,127027796,127260144,127484599,127671255,127815770,127913331,127997248,128087684,128155991,128192471,128185273,128096431,127928283,127723641,127486600,127275868,127159949,127064685,126913433,126699422,126304536,125679341
Jordan,2778819,2909896,3047635,3193045,3349640,3621916,3915153,4127700,4348018,4561406,4752097,4912518,5046288,5164288,5276452,5386944,5498901,5616078,5741838,5882067,6029597,6427376,6827234,6989874,7141763,7297045,7480430,7587134,7991812,8791715,9544730,10006368,10234227,10462310,10671892,10865231,11066358
Kazakhstan,16031088,16262698,16527719,16781168,16997012,17154060,17278604,17332623,17274487,17043775,16730541,16416036,16043250,15647789,15455878,15501107,15575551,15656677,15747379,15850164,15968118,16103717,16257212,16426527,16619850,16836809,17065997,17306114,17556502,17816285,18084173,18363601,18651930,18932725,19209556,19482117,19743607
Kenya,19201773,19901641,20616091,21356221,22118436,22892657,23646516,24382466,25117193,25857135,26601754,27344212,28101763,28888063,29733411,30642894,31619172,32629809,33652233,34713452,35796483,36904009,38036354,39206349,40408887,41598570,42758466,43888306,44986794,46051441,47088527,48139682,49197760,50207110,51202829,52217327,53219165
Kiribati,66510,68079,69748,71445,73165,74871,76385,77655,78854,80033,81252,82637,84161,85671,87138,88631,90350,92280,94190,96095,98046,100028,102082,104235,106479,108717,110661,112293,113847,115338,116826,118489,120288,122097,123928,126110,128386
Kosovo,,,,,,,,,,,,,,,,,,,,,,,,1800861,1794686,1788755,1791948,1806539,1817170,1808983,1779020,1761766,1768125,1767748,1755048,1751415,1741449
Kuwait,1894254,1972520,2053007,2134707,2217471,1684833,1351404,1634968,1672159,1664372,1681518,1730255,1787692,1844306,1900035,1954713,2008127,2059983,2109887,2157328,2236797,2364741,2507891,2651433,2795490,2943372,3132816,3337025,3507754,3665769,3834464,4003976,4154685,4323388,4442202,4400146,4360749
Kyrgyzstan,,,,,,,,4600309,4626809,4649190,4713639,4782884,4847998,4907792,4968592,5025151,5071961,5116253,5159422,5203048,5246337,5282453,5313373,5342531,5398013,5491763,5594537,5696519,5797296,5898324,6001876,6108460,6220146,6341733,6494036,6664142,6820483
Laos,3739985,3846722,3957624,4072609,4190973,4311960,4435120,4559651,4685063,4809222,4929410,5045686,5152015,5248273,5340784,5431214,5521481,5610889,5697945,5781627,5869531,5963199,6056238,6148974,6241649,6334198,6426595,6518981,6611385,6703170,6801650,6908800,7018149,7128045,7237634,7346533,7453191
Latvia,2579236,2599784,2625969,2652251,2664839,2660130,2648934,2614832,2563820,2521237,2485951,2457910,2433230,2410219,2390825,2368321,2338300,2311356,2288983,2264178,2239787,2219038,2200772,2177711,2142043,2097834,2059940,2034639,2013004,1994153,1977874,1959864,1942599,1927586,1914267,1901119,1885592
Lebanon,3217377,3300373,3385558,3454647,3525288,3595174,3668917,3747374,3820652,3889803,3960741,4034783,4108409,4181287,4255277,4329344,4401921,4463507,4525512,4599286,4671106,4751146,4844118,4925360,4992293,5041290,5096018,5235744,5743440,6346993,6472470,6323062,6160128,5984120,5794600,5702401,5718127
Lesotho,1624382,1666141,1703396,1739848,1775437,1809697,1842383,1873281,1901801,1927709,1951442,1972424,1988139,1998049,2003238,2003918,2000859,1994686,1985060,1971132,1953080,1945066,1953272,1966547,1980885,1996257,2014015,2034363,2056508,2080091,2104613,2130426,2157116,2183612,2209414,2235727,2261549
Liberia,2240550,2308517,2377232,2446941,2517864,2223667,1956523,2072465,2155134,2149928,2169167,2232286,2412994,2670127,2821689,2928117,3015343,3094792,3119533,3156892,3301017,3490792,3669051,3821007,3943036,4058897,4221178,4373045,4470245,4564301,4659438,4755607,4848927,4944727,5043720,5149471,5259326
Libya,3898745,4017404,4129743,4237754,4342927,4445242,4544405,4640358,4733054,4822039,4906851,4987402,5064640,5140710,5218040,5305020,5403637,5508411,5619403,5736696,5858791,5980212,6104379,6235433,6366688,6497838,6343210,6179328,6304636,6427260,6531825,6632129,6738770,6849060,6951038,7045404,7135180
Lithuania,3562393,3593781,3627368,3672653,3696106,3695015,3701409,3697553,3680202,3654893,3627038,3599721,3573418,3547769,3522905,3500410,3473008,3444051,3415276,3376703,3322264,3269809,3231378,3198483,3163258,3097719,3028642,2988334,2958359,2933172,2905772,2869108,2829318,2802484,2795057,2795766,2794489
Luxembourg,366664,368408,370790,373786,377384,381707,386820,391973,397210,402596,408237,413779,418970,424158,429909,436142,441755,446393,451845,458307,465372,472871,480277,488995,498195,507418,518583,530952,543359,556285,569541,583511,596505,608108,620166,630597,640276
Macao,291287,302678,314628,326912,339226,351127,362276,372256,381334,390130,398704,407031,415074,422816,430256,437317,445125,456027,469063,482209,495418,508753,522283,535937,549491,562810,575645,587451,598752,610308,622186,634316,646560,658777,670983,683073,694404
Madagascar,10433143,10736864,11047299,11369461,11705003,12055648,12421413,12800869,13197353,13613859,14051278,14510711,14990817,15489363,16000506,16516337,17032933,17549914,18071858,18606607,19159713,19730918,20318590,20923841,21547277,22183343,22822305,23462444,24109290,24764357,25426704,26099951,26788379,27494930,28219558,28953560,29691087
Malawi,7620509,7906485,8293174,8753264,9176223,9545860,9844228,10135082,10284027,10164900,10150123,10352228,10562035,10792877,11047814,11315946,11593057,11880440,12181575,12500736,12840034,13198700,13576343,13976416,14395788,14826466,15265026,15709576,16161817,16621535,17085585,17557739,18039712,18528087,19025748,19533886,20047263
Malaysia,15252259,15760425,16276735,16796611,17315003,17833178,18342474,18834569,19322667,19820445,20330602,20850085,21375224,21906713,22435533,22967817,23526534,24102479,24679604,25256771,25836073,26417906,26998384,27570054,28124780,28655771,29162033,29662835,30174269,30696133,31232796,31789694,32355642,32910962,33440588,33889555,34282405
Maldives,190182,196946,203960,210899,217750,224772,231809,238559,244892,250831,256659,262355,267713,272736,277423,282025,286780,291631,296497,301414,306431,313865,324488,336178,348282,360801,373682,386822,400079,413623,428165,443316,458297,473107,487737,502127,516162
Mali,8374661,8531272,8681166,8834000,8999935,9178827,9362885,9553541,9754785,9967032,10185367,10407275,10646498,10919578,11227419,11559291,11912162,12288051,12684952,13102414,13538647,13990143,14457777,14940785,15435537,15945201,16469051,16957039,17459621,18020267,18593022,19191297,19813016,20442029,21068406,21713839,22388638
Malta,352567,355082,358089,361226,364530,367913,371335,374806,378221,381467,384559,387627,390687,393782,396896,399905,402788,405572,408236,410800,413323,415463,417201,418969,420800,422652,424634,426616,428457,434494,444979,455273,467902,484559,504017,518213,524383
Martinique,347158,351581,356143,360799,365569,371000,377313,383938,390545,397073,403505,409833,416094,421815,423895,421388,417157,412480,408417,405104,401850,400459,400812,400698,399526,397389,394577,391741,389469,387026,383738,378892,371510,364100,359620,356625,353285
Mauritania,2995,2995,2995,2995,2995,2995,2995,2995,2995,2995,2312027,2358195,2411316,2474650,2541699,2613451,2678767,2738660,2802049,2868671,2939062,3013660,3093064,3183278,3284455,3390967,3502814,3619035,3734324,3848513,3965959,4086656,4210602,4337685,4467714,4600135,4734875
Mauritius,1025067,1038350,1051116,1063596,1075986,1089033,1103050,1117677,1132396,1146559,1159824,1172389,1184305,1195110,1205903,1216632,1225807,1234091,1242094,1249798,1257214,1263786,1269522,1274634,1278977,1282710,1286271,1289174,1290989,1292006,1292282,1291807,1290652,1288835,1286269,1283230,1279627
Mexico,75043416,76585639,78136650,79695527,81247176,82820171,84430563,86044810,87653815,89259202,90862449,92452701,94021205,95575245,97115711,98625554,100099100,101548627,102978518,104394132,105811502,107253666,108774357,110374285,111999721,113623897,115243504,116818209,118343571,119784263,121072310,122251345,123400054,124573714,125762977,126799052,127648152
Moldova,,,,,,,,4455714,4448242,4434460,4414215,4387651,4355536,4318714,4278220,4234970,4189770,4142937,4095419,4046672,3988666,3921319,3851399,3779501,3706211,3631993,3557278,3482629,3408741,3342714,3287169,3237798,3193500,3153779,3112563,3069135,3023780
Mongolia,1921519,1970967,2022803,2076327,2124189,2164578,2202771,2239129,2273514,2305742,2335717,2363470,2389131,2412793,2434044,2455184,2477704,2500075,2521811,2542800,2563466,2584762,2607977,2634431,2665331,2701738,2745182,2795463,2851887,2913041,2976528,3040815,3104371,3167714,3232119,3290788,3339678
Montenegro,,,,,,,,,,,,,,,,,,,,,,633877,633388,632854,632445,632090,632691,633549,633203,631376,628147,624247,620115,615799,611673,607936,603854
Montserrat,11018,10967,10920,10872,10798,10700,10464,10013,9454,8867,8257,7626,6979,6321,5685,5053,4616,4500,4515,4541,4574,4606,4649,4700,4759,4819,4846,4822,4774,4738,4693,4665,4624,4595,4564,4532,4505
Morocco,22113954,22600803,23054390,23500528,23939414,24375558,24799015,25212469,25614587,26000824,26399430,26808109,27213339,27621638,28027189,28423439,28814647,29198146,29571416,29953021,30358145,30771180,31186468,31606768,32030779,32467008,32912586,33355247,33787573,34204783,34607590,35023460,35446396,35839760,36210907,36584208,36954442
Mozambique,12548950,12770581,12822573,12800557,12906843,13094535,13352092,13613316,14051203,15033850,15960528,16492483,16949989,17340462,17734499,18129652,18537734,18958338,19392477,19840311,20304578,20787088,21287638,21819035,22391752,22999235,23649044,24337849,25051613,25788474,26547575,27337109,28166399,29018646,29884376,30783685,31707797
Myanmar,36622832,37314881,37971601,38600927,39214624,39817252,40394159,40950343,41502423,42055150,42605343,43154857,43708802,44257792,44787727,45290851,45771140,46232656,46667190,47068779,47438362,47785142,48125046,48390791,48660458,49024376,49419824,49837450,50262658,50681634,51089060,51495702,51894938,52272246,52640718,53016525,53387102
Namibia,,,,,,1369308,1415689,1461326,1508699,1556315,1602182,1646107,1689275,1732747,1776370,1818651,1857058,1889977,1917468,1942087,1966581,1991889,2018607,2047059,2077400,2109813,2146330,2194657,2252506,2312144,2374305,2439219,2506855,2577327,2650500,2728763,2810553
Nauru,8573,8765,8971,9183,9412,9645,9873,10042,10123,10163,10187,10206,10218,10220,10207,10187,10147,10105,10085,10084,10071,10061,10041,10032,10041,10067,10116,10289,10539,10765,10974,11173,11350,11499,11609,11665,11726
Nepal,17477694,17868128,18250512,18638660,19057812,19524578,20036505,20609707,21180157,21717482,22245442,22741867,23219459,23680357,24125201,24546510,24946755,25328989,25688764,26016653,26309462,26565431,26788499,26990038,27173035,27341955,27464499,27534917,27589997,27672373,27823631,27955471,28011259,28079686,28414066,28966582,29475018
Netherlands,14538958,14626489,14724947,14825916,14921107,15030884,15155091,15276786,15389718,15485453,15565033,15640031,15723620,15827109,15940182,16058758,16182705,16288060,16366914,16425561,16465707,16493851,16531360,16597257,16684147,16771232,16851061,16915191,16967065,17030087,17107427,17204694,17315375,17421284,17537506,17636732,17730564
Netherlands Antilles,179354,181252,183216,185116,186774,188047,188953,189511,189622,189159,188081,186311,183978,181506,179451,178219,177940,178514,179829,181695,183927,186541,189515,192610,195519,198009,198009,198009,198009,198009,198009,198009,198009,198009,198009,198009,198009
New Caledonia,3,3,3,3,3,3,3,3,3,3,3,3,3,3,3,3,3,3,3,3,3,3,3,3,3,3,3,3,3,3,3,3,3,3,3,3,3
New Zealand,3268029,3281510,3299444,3316026,3333821,3396981,3480933,3532245,3573610,3621031,3674435,3729383,3776950,3811377,3835561,3857576,3891763,3951114,4022585,4083911,4135004,4181942,4223268,4261819,4304304,4347767,4382702,4411682,4453859,4522977,4614037,4714768,4812748,4900844,4989412,5069893,5107696
Nicaragua,3706480,3794162,3882168,3972318,4066482,4162566,4259635,4357031,4453733,4549317,4642935,4729979,4809574,4883659,4954021,5022636,5087822,5149914,5210970,5272909,5342108,5418856,5497246,5576597,5656605,5737451,5819054,5901290,5983850,6066491,6149418,6232663,6316236,6400074,6483660,6565267,6644745
Niger,7118458,7335814,7561154,7793752,8034783,8286066,8546899,8817632,9100788,9398265,9714537,10044847,10383977,10741417,11117413,11509635,11920648,12349151,12796980,13265843,13756191,14268583,14803604,15361920,15943673,16548832,17176286,17836770,18519898,19215917,19939497,20685760,21435449,22188074,22947765,23717614,24502144
Nigeria,84897972,87235959,89591718,92020092,94531021,97120926,99720162,102372779,105122075,107935717,110819431,113754782,116754791,119846260,123047322,126382491,129862594,133471994,137202647,141057046,145017255,149077333,153267257,157595017,162049465,166642887,171379601,176200628,181049443,185896917,190671883,195443699,200254578,204938753,209485636,213996186,218529285
Niue,2803,2658,2584,2559,2537,2506,2476,2443,2403,2362,2326,2290,2242,2187,2138,2068,2007,1965,1928,1891,1849,1818,1810,1805,1801,1786,1776,1784,1786,1792,1803,1806,1803,1805,1814,1822,1836
North Korea,19620396,19910856,20205486,20503162,20804364,21112135,21428637,21750912,22073353,22393967,22669306,22895752,23110836,23311570,23497597,23665910,23815363,23943975,24090383,24254945,24396433,24524508,24646384,24764620,24878338,24987258,25097878,25211737,25329455,25451263,25575355,25698325,25817710,25931155,26037633,26136313,26232531
North Macedonia,,,,,,725,725,725,725,725,725,725,725,725,725,725,725,725,725,725,725,725,725,725,2060601,2051510,2040442,2027288,2013280,1997842,1980366,1961268,1940877,1919730,1897643,1872021,1851109
Northern Mariana Islands,30281,33001,35753,38537,41327,43364,44413,45204,45972,46753,48192,51724,56607,61356,65933,68373,68003,66801,65438,63946,62373,60688,58958,57164,55345,54108,53632,53252,52775,52199,51538,50795,49981,49098,48154,47557,47003
Norway,4152401,4167252,4186821,4209471,4226915,4241438,4261618,4286256,4311865,4336467,4358991,4381137,4404986,4431307,4461788,4490866,4513652,4538014,4564666,4591740,4623119,4660485,4709017,4768099,4828624,4889160,4952968,5018456,5080125,5137397,5189776,5235977,5276806,5311751,5347735,5379274,5408081
Oman,1325489,1413425,1501005,1588572,1676234,1763957,1851477,1938241,2021677,2081840,2120531,2156925,2190726,2222494,2252910,2282138,2310221,2337144,2363801,2404822,2459808,2514794,2570176,2626536,2684665,2757451,3076761,3547106,3833915,4002445,4184897,4390880,4537397,4597879,4591247,4522503,4500427
Pakistan,98229291,101606771,105130713,108724741,112336635,116155583,120060408,123546854,127020115,130748078,134582253,138557089,142531801,146522357,150565382,154879124,159270911,163222552,167110250,171285998,175453212,179682692,184493230,189499114,194376535,199239047,203746069,207667129,211073979,214264649,217290885,220138862,223273975,226928893,230800909,235001743,239477805
Palestine,,,,,,,,,,,,,2859582,2962895,3056256,3151801,3242287,3322369,3398072,3475177,3557407,3645096,3736694,3829038,3921243,4016915,4115912,4215318,4315264,4415886,4521566,4632743,4742747,4850593,4957774,5069691,5185341
Panama,2200921,2251329,2301979,2352856,2403820,2455589,2508272,2561345,2615098,2669547,2724552,2780225,2836702,2893916,2951819,3010376,3069545,3129343,3189813,3251157,3313025,3375023,3437493,3500643,3564383,3628537,3693508,3759260,3825332,3892101,3960036,4029085,4098705,4167859,4234699,4293258,4345410
Papua New Guinea,3478945,3554802,3632545,3711894,3796088,3896484,4021839,4166702,4320879,4480210,4644281,4813364,4987889,5166392,5349333,5537068,5728442,5924011,6124004,6328040,6535905,6747723,6963352,7183002,7406442,7633523,7859350,8081396,8302700,8523440,8743247,8961720,9178716,9394519,9609014,9815741,10012899
Paraguay,3510677,3611474,3714893,3820552,3927802,4035749,4144372,4253609,4362705,4471423,4579805,4687540,4794417,4900028,5003139,5100874,5187690,5261335,5326437,5388181,5448102,5505144,5559383,5613576,5671245,5737974,5814634,5897011,5982446,6069816,6159106,6249127,6338656,6427383,6515060,6603742,6684184
Peru,19648210,20117126,20582325,21054704,21532587,22014771,22483787,22946346,23413779,23881497,24348921,24811173,25274149,25738102,26186499,26598327,26964610,27288210,27580485,27852191,28101174,28324489,28530703,28719038,28896818,29086021,29304083,29550366,29817909,30115826,30457600,30866496,31324638,31897590,32449301,32838576,33155883
Philippines,55213007,56645081,58157496,59739056,61265258,62854667,64382249,65926133,67530620,69019296,70546244,72190237,73908814,75791031,77753260,79625402,81401489,83068887,84731838,86394513,88015957,89508993,91075179,92699093,94384256,96337126,98248616,100175512,102076337,103767129,105312986,106735723,108119693,109465284,110804685,112081271,113100946
Poland,37200851,37452612,37665712,37817862,37938087,38055449,38152947,38233632,38294881,38344311,38364668,38359165,38348307,38326432,38287717,38258076,38247357,38229406,38203525,38167567,38124377,38071170,38020420,37995902,38002154,38095356,38208644,38247868,38259266,38265113,38266314,38263259,38254964,38241070,38225884,38171005,38040304
Portugal,9979475,9993098,10001991,10004589,10001379,9989528,9969182,9960345,9972341,9998486,10031755,10067655,10110548,10159524,10214877,10283196,10354328,10413046,10454245,10481384,10502994,10524122,10546821,10564085,10576264,10578659,10557049,10513154,10458286,10406202,10370266,10346377,10330836,10325353,10343218,10370519,10390956
Puerto Rico,38762847,38762847,38762847,38762847,38762847,38762847,38762847,38762847,38762847,38762847,38762847,38762847,38762847,38762847,38762847,3809867,3813009,3810715,3806044,3798658,3788412,3776220,3763089,3749129,3735014,3714835,3683711,3646422,3606771,3565368,3521810,3476008,3371879,3290068,3288026,3275801,3253210
Qatar,365950,382426,397014,411273,425659,440184,454859,469657,484554,499469,514336,529024,550511,580543,612510,644993,677933,711216,744690,773342,825417,972841,1208600,1426942,1586052,1709240,1810958,1907121,2032650,2218377,2427337,2599382,2706715,2761145,2797927,2803373,2814989
Reunion,600420,610888,621111,631264,641494,652574,664460,676431,688098,699372,710464,721457,732714,744075,754118,763147,772242,781308,790570,797012,800228,806686,818731,830496,838473,844480,846788,845062,847599,858677,865016,862861,858761,856946,857327,861452,868084
Romania,22605814,22674739,22745588,22815434,22887645,22939529,22947415,22912388,22842257,22756246,22657724,22541912,22411509,22284900,22166156,22046264,21919917,21770020,21593447,21403214,21213395,21035734,20870714,20718744,20576923,20432576,20282008,20158452,20062914,19968180,19871018,19777049,19689406,19597874,19501543,19392469,19248159
Russia,143569388,144807816,146147382,147364493,148281863,148979538,149448434,148915993,148135419,148200736,148291405,148084580,147853772,147635542,147241973,146717784,146117290,145939502,145794231,145180094,144597888,144102949,143859769,143811835,143869130,143934468,144043751,144291024,144604102,144925638,145307611,145778669,146186800,146430147,146533063,146371293,145836172
Rwanda,6317230,6531887,6749492,6968074,7184710,7375311,7526964,7683265,7981141,6792358,5674118,6708767,7755237,8081685,8147916,8213935,8287093,8400185,8586877,8816848,9054532,9299250,9549940,9804268,10060440,10317559,10573742,10829904,11093340,11364758,11640027,11919183,12202062,12487999,12776104,13065839,13355260
Saint Helena,6678,6706,6723,6710,6677,6639,6601,6545,6495,6433,6373,6309,6249,6184,6113,6045,5963,5879,5775,5678,5570,5457,5346,5295,5320,5352,5385,5428,5462,5493,5529,5544,5528,5507,5485,5451,5415
Saint Kitts and Nevis,41894,41641,41366,41082,40776,40456,40382,40740,41266,41798,42347,42903,43453,44018,44624,45272,45785,46048,46200,46337,46459,46590,46734,46857,46941,46871,46916,47056,47092,47112,47108,47099,47074,47032,46974,46896,46786
Saint Lucia,129175,131253,133241,135019,136526,137873,139535,141629,143736,145902,148227,150453,152584,154689,156719,158624,160246,161654,162985,164250,165461,166657,167767,168815,169880,170920,171813,172595,173380,174145,174919,175652,176352,177032,177674,178261,178540
Saint Pierre and Miquelon,6301,6338,6368,6381,6372,6377,6400,6428,6440,6455,6459,6451,6438,6392,6338,6317,6299,6273,6234,6191,6139,6094,6074,6063,6054,6047,6036,6019,5999,5984,5971,5957,5946,5932,5899,5852,5802
Saint Vincent and the Grenadines,2839926083,2839926083,2839926083,2839926083,2839926083,2839926083,2839926083,2839926083,2839926083,2839926083,2839926083,2839926083,2839926083,2839926083,2839926083,2839926083,2839926083,2839926083,2839926083,2839926083,2839926083,2839926083,2839926083,2839926083,2839926083,2839926083,2839926083,2839926083,2839926083,2839926083,2839926083,2839926083,2839926083,2839926083,2839926083,2839926083,2839926083
Samoa,2839926083,2839926083,2839926083,2839926083,2839926083,2839926083,2839926083,2839926083,2839926083,2839926083,2839926083,2839926083,2839926083,2839926083,2839926083,2839926083,2839926083,2839926083,2839926083,2839926083,2839926083,2839926083,2839926083,2839926083,2839926083,2839926083,2839926083,2839926083,2839926083,2839926083,2839926083,2839926083,2839926083,2839926083,2839926083,2839926083,2839926083
Sao Tome and Principe,108669,111161,113934,116955,119991,122993,125711,128128,130478,132744,134905,136974,138934,140765,142456,144028,146384,149931,153823,157720,161650,165651,169711,173808,177867,181811,185665,189452,193157,196780,200306,203702,206986,210198,213404,217449,221975
Saudi Arabia,8151780,8628639,9130205,9629172,10128396,10640698,11160752,11686682,12215865,12750036,13289245,13831002,14374948,14922189,15472075,16177733,17041405,17910909,18786770,19669486,20559884,21459139,22368313,23287883,24217654,25157135,26105636,27062447,28026826,28998127,29974944,30717804,30782402,30365119,30472810,30991205,31328374
Senegal,6683296,6878200,7081535,7289619,7502212,7720523,7943091,8168397,8396290,8624080,8848112,9067018,9283503,9502952,9730897,9968263,10212940,10466217,10721176,10975709,11235473,11500093,11770349,12048962,12337391,12635418,12958902,13310499,13710857,14152101,14593336,15034517,15475001,15914495,16352926,16789215,17220866
Serbia,,,,,,,,,,,,,,,,,,,,,,7511394,7482996,7454285,7425346,7395872,7364857,7324624,7276184,7227203,7177257,7126083,7073508,7020016,6966154,6907817,6835434
Seychelles,69837,70582,71358,72228,73142,74000,74838,75629,76419,77278,78143,78900,79670,80738,82033,83339,84621,85878,87056,88174,89288,90391,91483,92563,93644,94993,97041,99565,102108,104663,107247,109836,112444,115053,117662,120299,123000
Sierra Leone,3638443,3728382,3829719,3934518,4034037,4196833,4246269,4166368,4157128,4173109,4179178,4199214,4253710,4295783,4318048,4423614,4692715,4971436,5177687,5355715,5501707,5624464,5749353,5894728,6055655,6222715,6387259,6551077,6714057,6876384,7037659,7205337,7379300,7554566,7731995,7912558,8094603
Singapore,2735032,2744656,2781625,2849044,2938656,3039593,3136293,3226461,3317893,3417815,3533624,3664566,3796630,3901418,3966562,4035251,4116169,4146898,4138241,4172766,4268361,4407064,4596515,4806742,4968573,5077019,5182242,5293344,5385589,5457899,5525343,5577937,5604087,5634367,5669562,5620150,5546292
Slovakia,5151164,5180090,5205882,5229678,5249932,5266076,5284876,5306445,5326361,5343230,5354287,5362429,5369781,5374801,5378105,5380001,5379439,5377685,5376198,5376039,5376696,5376847,5376995,5379125,5385074,5391857,5398104,5404877,5410422,5415237,5420279,5427262,5435704,5443230,5450626,5455028,5442767
Slovenia,,,,,,1998010,1999192,1995863,1990814,1988260,1988099,1986792,1984399,1980071,1981198,1986818,1989685,1991573,1992502,1993549,1996914,2003113,2014161,2025090,2035611,2044612,2048805,2053321,2056452,2058396,2059947,2061379,2062410,2069484,2083436,2102419,2113495
Solomon Islands,282468,291854,301427,311278,321293,331449,341745,352213,362851,373685,384743,396017,407480,419078,430512,440481,449137,457676,466163,474618,483090,491602,500166,508802,518150,532977,552957,573622,594952,616915,639423,662387,685674,709109,728156,744507,762594
Somalia,6693295,6974789,7228308,7235363,7114828,7082816,6813762,6495109,6681408,7026804,7285014,7554477,7824531,8155414,8492068,8838716,9198496,9550070,9909162,10281000,10644234,10975503,11322582,11663088,11961204,12261762,12348829,12461164,12869599,13339498,13806969,14348740,14916629,15452489,16030969,16651200,17271435
South Africa,2839926083,2839926083,2839926083,2839926083,2839926083,2839926083,2839926083,2839926083,2839926083,2839926083,2839926083,2839926083,2839926083,2839926083,2839926083,2839926083,2839926083,2839926083,2839926083,2839926083,2839926083,2839926083,2839926083,2839926083,2839926083,2839926083,2839926083,2839926083,2839926083,2839926083,2839926083,2839926083,2839926083,2839926083,2839926083,2839926083,2839926083
South Korea,41148957,41718508,42322092,42922979,43524764,44081425,44439149,44653700,44887722,45130842,45368425,45638701,45941541,46230883,46500382,46766659,47043466,47299118,47514158,47697076,47851646,48006518,48178122,48356486,48546689,48769330,49127641,49599579,50071168,50539055,50983908,51297837,51486268,51640894,51767843,51858480,51848401
South Sudan,,,,,,,,,,,,,,,,,,,,,,,,,,,,10756244,11166276,11235071,11107569,10830109,10259150,10122983,10423382,10698470,10865786
Spain,38601315,38735706,38852007,38952262,39029556,39084975,39201749,39420344,39651627,39858722,40052733,40237375,40423823,40617436,40812855,41019773,41245604,41755702,42506541,43234563,43958884,44695446,45516501,46235055,46635182,46840470,46998040,47018321,46860393,46720186,46683683,46732766,46868594,47092817,47435120,47679482,47735670
Sri Lanka,15544151,15731253,15916579,16078624,16248559,16352458,16475354,16739297,17025923,17275777,17564066,17905020,18248204,18596005,18944734,19293057,19600360,19805749,19951521,20087608,20216531,20352417,20492546,20629377,20756435,20879090,21009054,21169461,21358829,21547455,21729974,21910764,22087525,22253113,22410552,22561807,22700377
Sudan,19905872,20288246,20704904,21138434,21578025,22021483,22470678,22927356,23445599,24043951,24672143,25231533,25799826,26458999,27130619,27816747,28516774,29228727,29896038,30556639,31262447,31992438,32764139,33623981,34569115,35414403,36140807,36923176,37785854,38823324,40024436,41259893,42714312,44230598,45548178,46789237,48066927
Suriname,386983,392344,396921,402230,408415,412500,415022,417602,419357,422385,429612,438835,448068,457414,466923,476650,486566,496565,506423,513927,519322,525003,531028,537252,543580,549932,556279,562640,569025,575382,581633,587765,593719,599517,605780,612322,617905
Sweden,8350249,8369682,8397651,8436358,8492819,8558569,8616954,8667577,8718036,8780193,8826299,8840329,8845524,8850606,8857691,8872100,8896018,8925044,8958432,8993806,9029770,9080626,9148277,9219903,9298738,9378234,9449262,9519479,9600621,9696437,9799482,9923281,10057864,10175401,10279122,10353680,10416136
Switzerland,6470959,6504748,6545771,6594145,6647786,6713167,6796942,6875049,6938107,6993594,7040481,7071884,7089163,7110294,7144118,7184003,7226391,7278744,7333450,7384196,7431824,7478514,7545386,7641729,7737642,7825751,7914378,7998927,8091197,8190238,8283940,8374902,8453628,8516339,8577526,8640582,8707018
Syria,10625673,11002841,11388916,11782268,12179070,12579212,12980822,13385570,13795689,14208585,14616805,15018110,15417539,15820409,16228063,16637884,17051338,17468335,17889297,18336880,18814088,19637017,20884137,21636565,21976971,22482418,22878103,22759763,21666920,20273662,19424615,19193835,19224670,19577850,20353536,21049428,21628840
Taiwan,19571695,19805980,20015821,20223658,20418913,20594907,20781752,20982087,21174678,21357146,21534498,21709270,21885333,22049226,22203788,22332874,22446254,22566899,22664130,22745433,22824930,22914644,23006921,23086237,23164354,23224047,23273078,23345962,23416869,23472810,23529259,23586141,23632950,23659308,23674137,23663460,23558330
Tajikistan,,,,,,,,5649397,5725001,5825371,5948587,6066524,6139830,6176403,6208372,6284737,6407376,6531672,6658575,6790554,6924723,7057566,7194478,7338403,7490233,7652144,7824785,8014087,8216734,8425558,8643839,8865622,9085943,9307346,9529971,9749310,9966912
Tanzania,22501696,23258959,24030376,24769690,25438760,26110209,26780442,27457597,28332690,29442357,30383497,30945758,31578094,32420462,33300335,34260142,35198302,36121301,37089554,38109667,39182083,40294901,41435509,42570728,43633977,44758489,46029372,47374259,48824134,50351505,52020959,53824011,55652888,57437134,59174889,60972801,62830413
Thailand,50270753,51177832,52074109,52969595,53848956,54738328,55637437,56528829,57408199,58260857,59098229,59920058,60724589,61522633,62299039,63007813,63651139,64266431,64868164,65452051,66017415,66567685,67102389,67619834,68121076,68579442,69007211,69436091,69845115,70216362,70540790,70859837,71160184,71376080,71522265,71641484,71727340
Togo,3441099,3547958,3657512,3769752,3883413,3998757,4115569,4233620,4207462,4222942,4410834,4577864,4725037,4860915,5000270,5140046,5277387,5413282,5552170,5696513,5844638,6010674,6188349,6368821,6551867,6732595,6916477,7100743,7285448,7472458,7663199,7858297,8057139,8258781,8463068,8669722,8878384
Tonga,98000,98025,98394,98985,99418,99718,99911,100045,100120,100187,100237,100294,100691,101407,102057,102694,103306,103887,104479,105088,105683,106266,106744,107036,107219,107415,107584,107476,107092,106627,106111,105536,105374,105589,105688,105719,105504
Trinidad and Tobago,1187369,1203132,1217366,1230069,1241605,1252214,1262175,1271682,1280473,1288353,1295166,1300937,1305837,1310225,1314711,1319781,1325573,1332017,1338719,1345386,1352040,1358706,1365382,1372090,1379056,1386657,1394990,1403815,1412658,1421135,1429189,1437030,1445265,1470522,1484898,1481026,1487715
Tunisia,7409907,7600300,7789990,7974447,8151665,8324509,8501827,8682509,8857916,9018446,9161263,9294433,9421273,9541671,9655966,9764940,9869680,9971522,10071637,10166169,10255475,10346408,10441705,10542637,10650682,10765982,10886041,11009650,11141365,11274295,11402270,11528676,11650504,11765515,11875085,11974058,12048625
Turkey,50687118,51777769,52843669,53909627,54976718,56015626,57009892,57990120,58999167,60033831,61024501,61951134,62852969,63734384,64591916,65425958,66245126,67048793,67831736,68592621,69329555,70045352,70750595,71562344,72464845,73346766,74215200,75197195,76403032,78036154,80014221,81652086,83083668,84415966,85357671,86091691,86686255
Turkmenistan,3247542,3347814,3452736,3559364,3662465,3760561,3855900,3944689,4032415,4116662,4191210,4263817,4336733,4410512,4492174,4582676,4675414,4769472,4863871,4958093,5052259,5147104,5244047,5345034,5451596,5564355,5683413,5808547,5939347,6075286,6215775,6360041,6507065,6655523,6803942,6949915,7092041
Turks and Caicos Islands,9545,9961,10384,10800,11212,11707,12328,12989,13668,14367,15072,15784,16504,17236,17980,18754,19602,20619,21749,22879,24011,25145,26289,27452,28609,29762,30870,32152,33675,35077,36632,38342,39928,41579,43190,44404,45260
Tuvalu,8068,8237,8393,8539,8685,8821,8952,9060,9146,9231,9299,9363,9423,9465,9518,9566,9608,9645,9715,9839,9964,10078,10204,10344,10478,10635,10804,10960,11027,11007,10984,10950,10892,10775,10603,10423,10214
Uganda,15023680,15467581,15954164,16470484,17010704,17569895,18155901,18785037,19445160,20108803,20665674,21231553,21856044,22515809,23257278,24000157,24745678,25532870,26352121,27154512,27963287,28794005,29653438,30539547,31451146,32390800,33354540,34337433,35337050,36395544,37531444,38799153,40177383,41565839,42999636,44457149,45910932
Ukraine,51108771,51318737,51515727,51724853,51917826,52054094,52170967,52323675,52350122,52076000,51665535,51226110,50786882,50379728,49976444,49556655,49106855,48677280,48315132,47979502,47585558,47278690,47062802,46819168,46623732,46456002,46307852,46210051,46126762,45972378,45784903,45616831,45436036,45208903,44957450,44680009,44298641
United Arab Emirates,409,409,409,409,409,409,409,409,409,409,409,409,409,409,409,3493584,3723596,3956828,4192465,4428966,4664796,5009106,5624639,6302669,6707063,6938372,7199437,7497124,7831852,8236880,8674629,9030873,9234330,9346870,9377855,9448529,9789054
United Kingdom,2189,2189,2189,2189,2189,2189,2189,2189,2189,2189,2189,2189,2189,2189,2189,2189,2189,2189,2189,2189,2189,2189,2189,2189,2189,2189,2189,2189,2189,2189,2189,2189,2189,2189,2189,2189,2189
United States,2839926083,2839926083,2839926083,2839926083,2839926083,2839926083,2839926083,2839926083,2839926083,2839926083,2839926083,2839926083,2839926083,2839926083,2839926083,2839926083,2839926083,2839926083,2839926083,2839926083,2839926083,2839926083,2839926083,2839926083,2839926083,2839926083,2839926083,2839926083,2839926083,2839926083,2839926083,2839926083,2839926083,2839926083,2839926083,2839926083,2839926083
United States Virgin Islands,2839926083,2839926083,2839926083,2839926083,2839926083,2839926083,2839926083,2839926083,2839926083,2839926083,2839926083,2839926083,2839926083,2839926083,2839926083,2839926083,2839926083,2839926083,2839926083,2839926083,2839926083,2839926083,2839926083,2839926083,2839926083,2839926083,2839926083,2839926083,2839926083,2839926083,2839926083,2839926083,2839926083,2839926083,2839926083,2839926083,2839926083
Uruguay,1705,1705,1705,1705,1705,1705,1705,1705,1705,1705,1705,1705,1705,1705,1705,1705,1705,1705,1705,1705,1705,1705,1705,1705,1705,1705,1705,1705,1705,1705,1705,1705,1705,1705,1705,1705,1705
Uzbekistan,2839926083,2839926083,2839926083,2839926083,2839926083,2839926083,2839926083,2839926083,2839926083,2839926083,2839926083,2839926083,2839926083,2839926083,2839926083,2839926083,2839926083,2839926083,2839926083,2839926083,2839926083,2839926083,2839926083,2839926083,2839926083,2839926083,2839926083,2839926083,2839926083,2839926083,2839926083,2839926083,2839926083,2839926083,2839926083,2839926083,2839926083
Vanuatu,2839926083,2839926083,2839926083,2839926083,2839926083,2839926083,2839926083,2839926083,2839926083,2839926083,2839926083,2839926083,2839926083,2839926083,2839926083,2839926083,2839926083,2839926083,2839926083,2839926083,2839926083,2839926083,2839926083,2839926083,2839926083,2839926083,2839926083,2839926083,2839926083,2839926083,2839926083,2839926083,2839926083,2839926083,2839926083,2839926083,2839926083
Venezuela,2839926083,2839926083,2839926083,2839926083,2839926083,2839926083,2839926083,2839926083,2839926083,2839926083,2839926083,2839926083,2839926083,2839926083,2839926083,2839926083,2839926083,2839926083,2839926083,2839926083,2839926083,2839926083,2839926083,2839926083,2839926083,2839926083,2839926083,2839926083,2839926083,2839926083,2839926083,2839926083,2839926083,2839926083,2839926083,2839926083,2839926083
Vietnam,2839926083,2839926083,2839926083,2839926083,2839926083,2839926083,2839926083,2839926083,2839926083,2839926083,2839926083,2839926083,2839926083,2839926083,2839926083,2839926083,2839926083,2839926083,2839926083,2839926083,2839926083,2839926083,2839926083,2839926083,2839926083,2839926083,2839926083,2839926083,2839926083,2839926083,2839926083,2839926083,2839926083,2839926083,2839926083,2839926083,2839926083
Western Sahara,151772,157376,162890,168420,173937,179552,185311,190949,196482,201927,209941,221401,233786,246315,258979,271946,285197,298468,311790,325196,338703,352657,366873,380833,394961,409722,425092,441033,457437,472590,486230,499658,512852,525789,538452,549372,558625
World,4868943460,4958072822,5049746378,5141992550,5234431714,5327803075,5418735879,5505989821,5591544841,5675551281,5758878997,5842055726,5924787787,6007066714,6089006330,6171703018,6254936479,6337730319,6420361649,6503377778,6586970145,6671452018,6757308750,6844457675,6932766459,7021732131,7110923797,7201202531,7291793608,7381616239,7470491904,7558554580,7645618013,7729902724,7811293714,7887001284,7954448405
Yemen,2839926083,2839926083,2839926083,2839926083,2839926083,2839926083,2839926083,2839926083,2839926083,2839926083,2839926083,2839926083,2839926083,2839926083,2839926083,2839926083,2839926083,2839926083,2839926083,2839926083,2839926083,2839926083,2839926083,2839926083,2839926083,2839926083,2839926083,2839926083,2839926083,2839926083,2839926083,2839926083,2839926083,2839926083,2839926083,2839926083,2839926083
Zambia,2839926083,2839926083,2839926083,2839926083,2839926083,2839926083,2839926083,2839926083,2839926083,2839926083,2839926083,2839926083,2839926083,2839926083,2839926083,2839926083,2839926083,2839926083,2839926083,2839926083,2839926083,2839926083,2839926083,2839926083,2839926083,2839926083,2839926083,2839926083,2839926083,2839926083,2839926083,2839926083,2839926083,2839926083,2839926083,2839926083,2839926083
Zimbabwe,2839926083,2839926083,2839926083,2839926083,2839926083,2839926083,2839926083,2839926083,2839926083,2839926083,2839926083,2839926083,2839926083,2839926083,2839926083,2839926083,2839926083,2839926083,2839926083,2839926083,2839926083,2839926083,2839926083,2839926083,2839926083,2839926083,2839926083,2839926083,2839926083,2839926083,2839926083,2839926083,2839926083,2839926083,2839926083,2839926083,2839926083
