countries,code,1985,1986,1987,1988,1989,1990,1991,1992,1993,1994,1995,1996,1997,1998,1999,2000,2001,2002,2003,2004,2005,2006,2007,2008,2009,2010,2011,2012,2013,2014,2015,2016,2017,2018,2019,2020,2021
Afghanistan,AFG,11.217284,11.462361,18.482574,32.595596,32.051582,31.745558,13.902764,9.167781,9.105348,8.815903,7.428904,7.2858114,6.9379854,6.7522273,6.748676,5.913606,4.664077,4.4281597,5.2076616,4.810372,6.153309,7.745364,9.177021,16.06334,26.701996,33.345337,42.00513,40.341312,33.458687,28.416525,32.743607,29.883818,29.559513,33.907795,30.314272,27.393118,27.13513
Albania,ALB,49.83857,48.67189,48.837517,49.409107,46.991184,33.657845,28.229689,24.674017,21.63845,20.567207,22.72757,25.011456,22.843916,24.571817,22.114038,28.731913,27.233145,29.497454,33.270126,35.486534,35.013653,32.967403,28.376635,30.99076,33.772945,36.060646,31.485647,30.809958,38.665195,34.059666,34.083374,39.827103,36.862617,42.032387,33.29553,31.988321,40.252644
Algeria,DZA,262.29657,277.49054,285.1681,305.4218,297.0683,314.97372,312.0951,320.22687,297.99496,301.92108,313.14484,309.92474,297.85977,308.349,311.43417,299.94562,310.81296,321.9505,336.9221,349.7778,366.2715,379.22003,399.63977,423.55692,448.8593,438.99487,464.48825,507.67184,536.9768,585.6132,617.5181,616.9958,623.7946,669.61975,694.3489,648.8988,707.6273
American Samoa,ASM,1.9069229,1.9684365,2.0435872,1.9866744,2.2877688,2.4062712,2.4062712,2.4751372,2.4079294,2.3456187,2.2833083,2.289356,2.3456187,2.3456187,2.3456218,2.296828,2.296828,2.3349886,2.3349886,2.3349886,2.4804015,2.5224495,2.5224495,2.5293603,2.5224495,2.5224495,1.4394212,1.445875,1.4450136,1.4449954,1.444883,1.4514818,1.4529216,1.4527618,1.4524702,1.3840231,1.5961853
Angola,AGO,21.618885,21.351183,22.020035,22.711615,21.975481,23.330988,24.454176,24.813814,24.360994,23.768608,25.495579,24.504175,27.524199,24.772617,27.6509,32.44806,35.23395,37.546337,41.6661,46.076923,39.229706,49.463192,56.854713,66.63688,75.82465,83.17874,87.199165,91.0689,101.91877,112.17697,116.99946,106.75158,101.83017,105.27903,118.654335,117.90763,96.311485
Antarctica,ATA,0.87234807,0.81003743,0.81003743,0.87473804,0.81003743,0.87234807,0.87234807,0.87473804,0.87234807,0.87234807,0.93465865,0.9372193,0.93465865,0.93465865,0.93465865,0.92967373,0.9551443,0.9551443,0.9551443,0.96787953,0.9737404,0.9736935,0.98640823,0.049270246,0.06739434,0.067389645,0.06734276,0.057500236,0.05735094,0.057346396,0.058241855,0.058168042,0.054660268,0.054660268,0.054660305,0.046015892,0.048968244
Antigua and Barbuda,ATG,1.3330326,1.3552762,1.686893,1.6914043,1.686893,1.7492034,1.7430848,1.7477502,1.7430848,1.8660479,1.9894924,1.9948328,2.050145,2.050145,2.0501504,2.1362836,2.1362836,2.2902532,2.40722,2.4967196,2.5349038,2.6126008,2.7379868,2.8008583,2.9345222,2.8373902,2.8294127,2.9076788,2.9079623,2.9732518,3.0433478,3.0876482,2.9374938,3.0266554,3.0427258,2.5749125,2.7469301
Argentina,ARG,481.61896,508.8846,531.83716,540.7379,521.4408,513.02167,521.34717,559.3094,577.8426,608.76117,628.23645,657.1285,664.75507,688.4251,696.0661,698.77704,682.52423,654.4735,701.5056,744.8173,790.5074,830.5426,865.64545,877.17804,852.51086,883.96924,909.091,943.7065,981.39813,979.85767,996.94006,992.4242,991.3971,984.3456,927.35834,869.82855,958.46265
Armenia,ARM,,,,,,,,57.7568,43.95694,39.296124,38.54506,49.341423,41.582306,44.19059,27.311895,29.373667,28.887114,27.6709,30.428022,31.5594,36.559025,36.503197,40.961624,39.53123,35.32081,39.337505,41.41521,43.885105,43.05361,43.884068,40.660046,40.950134,43.64147,42.928493,45.634823,47.936787,49.357056
Aruba,ABW,,0.42608666,0.42608666,1.6324507,2.1700447,2.2920136,2.5002792,2.746373,2.7903798,3.0615923,3.4651084,2.2837791,3.6933842,3.6933842,3.6933894,4.41737,4.5707107,4.7247806,5.2614985,5.486875,5.925302,5.9140134,6.0942554,5.7248945,5.707535,5.3578606,4.262488,5.340377,5.1717796,5.2454996,5.3989043,5.2463517,5.4319153,5.2476115,5.440839,4.6366434,4.9106016
Australia,AUS,896.2931,912.41125,937.53815,981.3142,1029.7129,1051.0793,1043.9398,1060.4203,1084.4427,1125.5514,1154.2988,1188.1368,1217.288,1246.3304,1297.3473,1305.2594,1315.3853,1341.745,1360.8622,1404.4441,1410.3502,1470.8378,1506.167,1531.7455,1509.5446,1508.8386,1558.6023,1536.113,1555.586,1566.4581,1601.2705,1606.5027,1601.6459,1624.9872,1679.8438,1585.1263,1589.0751
Austria,AUT,315.80557,316.4346,334.019,329.13196,330.97324,333.82404,349.40015,344.7921,352.44324,349.40808,367.66147,375.69647,380.56857,389.24725,392.8037,395.17072,406.59348,406.82816,407.70358,422.45746,431.35013,425.86472,420.0656,424.5602,409.77243,421.55832,395.86884,414.4023,410.85233,394.88925,396.38324,409.6511,417.56863,408.4021,427.9604,400.14407,406.03314
Azerbaijan,AZE,234.9505,252.8344,245.02277,245.20432,250.05185,260.5512,250.35124,214.39381,185.98021,170.86469,160.648,131.7407,126.15464,126.645164,126.35341,132.05524,127.22747,125.608635,136.0352,153.89793,166.83739,164.09157,151.07112,151.1635,130.16829,128.43936,145.73923,150.09084,154.21175,157.24129,171.82614,170.19234,166.95396,176.16669,185.8906,184.92851,197.54944
Bahamas,BHS,9.443455,9.506412,10.607506,9.873428,11.2905655,12.011942,10.654455,9.014254,9.518383,10.574259,12.637076,14.24627,13.885385,15.768512,13.869435,16.462984,16.77847,17.401783,12.155077,13.472551,12.954244,15.046233,17.3275,16.932302,12.729477,13.262927,11.710016,13.534001,12.594334,12.363687,11.819098,12.373412,14.754933,16.02692,16.035286,13.536436,14.459775
Bahrain,BHR,59.786144,64.76512,77.9039,67.099655,68.61094,75.09365,84.05013,70.512344,84.20873,82.96671,83.11347,83.315956,98.160706,103.04097,105.71973,111.877045,115.790276,123.547035,129.08144,133.71312,150.00446,160.05092,164.32755,172.0815,170.37105,172.23476,170.41501,183.07016,203.59215,201.82355,203.60542,203.15282,209.00795,211.63669,232.19562,230.62811,235.74854
Bangladesh,BGD,48.2741,52.536575,57.984547,64.57637,69.61424,73.8564,71.25461,77.710556,85.435745,90.69007,107.10863,112.20246,117.89081,125.55917,126.98537,136.12086,155.58502,156.0231,164.91576,175.36739,190.13235,205.74051,211.57628,222.77448,245.25793,251.00856,271.5203,294.9527,306.46094,318.4197,385.0179,386.63824,402.8385,430.20114,482.46228,457.2916,492.38055
Barbados,BRB,5.0742702,5.321847,5.0671625,4.7713943,5.1931605,5.5016003,5.5629416,5.876422,5.7268558,5.431283,5.6368046,5.061051,6.0930796,6.188778,6.4791017,6.965418,6.96957,7.0164757,7.091297,7.144147,7.199415,7.2157617,6.884477,8.117644,7.650511,7.3732786,7.7383537,7.2730227,7.385999,6.423336,6.83276,6.9711556,6.6088576,7.019272,7.0530257,6.0569825,6.475003
Belarus,BLR,408.04367,465.83835,472.61935,479.40494,463.66064,465.97247,464.9062,403.1557,337.11218,281.81354,250.70609,257.13818,260.10107,254.35072,247.41664,254.99904,247.91147,256.4761,254.55183,285.03345,284.10596,302.1119,294.7267,298.6142,282.51535,306.20117,300.68427,325.2363,294.2054,294.86273,266.9616,272.79758,277.83994,307.21524,308.7904,286.5444,306.05542
Belgium,BEL,544.3682,561.7238,578.6796,590.204,594.57043,621.35266,642.87976,641.5093,631.1829,663.908,672.1198,713.8814,721.2619,735.3865,730.141,743.34845,736.85876,733.4745,761.691,764.61993,756.1178,758.24115,763.469,775.73395,715.8491,764.72125,713.59216,684.92365,701.9301,650.87177,657.449,709.50476,716.0581,714.2254,738.434,664.01184,738.3453
Belize,BLZ,0.9928784,1.2086993,0.9892435,0.7572237,1.0893934,1.4332296,1.6237152,1.3610368,1.3575165,1.295288,1.6019143,1.4308053,2.2100573,2.1734524,2.2605126,2.4134686,2.6566617,2.570874,2.5221746,2.4299865,2.6019669,2.9933627,2.8243594,2.73148,2.8466904,3.379774,2.9482436,3.0629723,3.3377864,3.3195853,3.670005,3.6743054,4.083113,3.6473157,3.8457918,2.8539426,2.9753036
Benin,BEN,2.2562997,2.198342,1.7415354,2.1593754,2.2251747,2.5567834,2.988314,3.3202646,3.650994,3.8199115,4.1227913,4.5005593,4.8685646,5.2483816,2.5765462,6.8648067,7.813138,8.95193,10.3935795,10.958862,10.287774,14.049367,16.58971,16.965845,18.842318,21.60962,20.14517,19.119537,19.48076,20.595615,22.778463,27.778744,29.458447,32.67928,29.695702,31.843231,32.294933
Bermuda,BMU,2.147456,2.021885,2.9152234,3.181598,3.8446274,2.7286582,2.3905973,1.8676964,2.1701834,2.0913994,2.1450942,2.213328,2.2074046,2.2074046,2.2074091,2.4124968,2.446991,2.5751154,2.5692623,2.6603565,2.801412,3.1639576,3.6748435,3.5154192,2.76613,3.256958,2.104898,2.2764115,2.286611,2.9613707,2.4902909,3.1695724,3.1264856,3.2344532,3.2324579,2.9566958,2.9852767
Bhutan,BTN,0.16382879,0.79890513,2.7536974,3.477386,3.5375109,3.7304773,3.7984931,3.8578622,3.872917,4.1396203,4.4206977,4.8465433,4.883538,4.7755117,4.8245263,4.9731116,5.4899645,6.072993,6.76408,6.509501,7.3761415,11.948427,14.929981,15.429693,16.001398,17.13303,16.670433,16.197203,17.94188,17.1782,17.990313,18.51358,18.394636,17.633875,20.914705,20.543457,21.603115
Bolivia,BOL,19.681112,19.979872,19.647278,22.569746,25.571138,27.038033,26.605309,28.727654,28.34253,31.657558,36.27886,35.536777,39.855587,36.969196,41.528313,43.587566,37.30106,40.686142,54.696083,56.725502,55.573303,61.17024,65.724915,67.46114,66.48772,67.463234,69.82768,82.854996,83.94523,84.83242,88.927635,92.095825,90.77874,93.88063,93.07756,78.06891,85.30703
Bosnia and Herzegovina,BIH,,,,,,,,43.596775,31.492298,33.128998,54.9307,34.168854,48.74116,57.563232,58.392185,64.67383,64.34045,64.66728,56.421043,58.27035,53.845924,55.0357,52.571774,59.438805,71.468285,76.50543,74.12617,72.10858,73.227455,70.906006,71.01475,72.58786,72.034004,73.24684,69.54784,64.59231,75.275955
Botswana,BWA,5.529076,5.8792415,6.196767,7.172243,8.102709,8.951391,9.369421,11.365281,11.027908,10.977663,11.10999,10.526142,10.84877,11.630592,11.003659,14.348991,15.084142,15.828888,16.179682,15.935164,16.93714,18.093166,18.57827,19.3258,18.072195,18.618477,19.529171,19.300838,19.159739,19.243532,23.44811,25.792757,23.729675,23.526642,23.667168,22.518124,24.29339
Brazil,BRA,1371.6531,1446.8506,1486.9493,1532.8641,1576.2844,1565.9917,1616.5944,1639.3057,1715.2032,1798.8566,1912.7927,2025.3486,2153.253,2229.1387,2254.6177,2356.7642,2297.8335,2350.1296,2394.621,2511.0562,2576.3958,2647.395,2817.8794,2939.233,2918.5881,3185.0366,3295.7898,3392.3206,3473.9395,3564.4182,3516.9568,3432.1653,3462.9932,3475.9683,3532.9504,3394.3682,3570.6697
British Virgin Islands,VGB,0.12404179,0.07515071,0.19365312,0.19415328,0.19365312,0.19365312,0.19365312,0.19415328,0.19365312,0.19365312,0.19365312,0.25049904,0.24984495,0.24984495,0.24984986,0.43747738,0.44774383,0.47361106,0.5059557,0.5318229,0.5471052,0.5960057,0.61785394,0.6638748,0.6958252,0.7170514,0.73450446,0.7318777,0.73188764,0.7435573,0.7465662,0.7565036,0.71087235,0.8827133,0.7053437,0.5945961,0.6327558
Brunei,BRN,22.552752,14.943522,23.86564,20.673744,24.288843,20.552052,16.424734,16.060816,15.26527,14.671358,18.145622,16.899364,18.072613,16.34575,19.28584,19.663834,22.35729,26.106573,27.008535,29.992193,33.786716,52.069736,54.66209,56.141193,37.24468,42.422886,43.576885,42.360893,39.39745,44.308376,48.95986,51.1421,51.34954,53.40774,52.704937,55.350857,45.993755
Bulgaria,BGR,336.87866,343.6344,346.29468,354.3685,351.28802,324.40817,262.5978,247.09099,263.60126,253.53992,272.65952,271.9063,257.14468,247.26033,217.25653,217.37721,224.56732,217.83836,225.35255,217.91504,236.08554,240.70096,232.63965,230.2237,202.10649,211.47112,224.60669,213.42818,198.10829,211.55034,224.68042,213.11739,218.17448,218.81418,211.5514,195.37389,221.89557
Burkina Faso,BFA,1.7054237,2.0181513,2.107595,2.210252,1.9808724,2.0389147,2.3588572,2.38565,2.6471148,2.9520223,3.0184255,3.210555,5.068021,4.5526657,4.688192,4.2591143,4.733493,4.9589763,5.4872313,4.9425755,5.2487664,5.175396,7.33146,8.006524,7.5220256,8.210085,9.35304,11.027659,13.221638,12.312724,15.648824,15.036379,17.42735,19.380987,19.840307,18.917995,19.995071
Burundi,BDI,0.78421026,0.82156986,0.94794303,1.360953,1.5109181,1.5908864,1.7938828,1.6573982,1.8575212,1.946193,1.8788158,1.9572084,1.9576529,1.9805282,1.9514935,1.6523463,1.4069992,1.3310709,1.078724,1.2436265,1.0786775,1.2499043,1.9559668,1.2866411,1.2994014,1.8223697,2.14287,2.017748,2.201248,2.058344,2.078433,2.2725782,2.754312,3.3419418,3.673369,3.5324557,3.6886592
Cambodia,KHM,1.832013,1.8473097,1.8622608,2.0091174,2.0178533,2.0417666,2.1670039,2.1797342,2.179728,2.1859164,6.207941,6.8228984,8.03615,9.392931,9.669812,8.961346,9.49313,9.473402,10.278974,10.589662,12.052029,13.046436,15.307836,16.066174,19.817097,22.856976,23.666803,26.375269,27.991207,30.90454,35.448734,44.197952,46.705288,58.891613,65.95679,64.253365,66.93809
Cameroon,CMR,19.104301,20.46474,19.425165,19.44828,22.573265,22.77588,22.983763,23.084955,20.424212,21.804012,22.328308,22.234941,23.355223,23.356882,22.890774,23.77796,23.701736,23.35339,25.016626,26.078114,25.16816,28.518993,30.067791,30.521715,32.76071,37.49299,39.49109,39.40227,34.61895,43.29559,43.45693,42.342575,43.015976,43.80294,44.35206,46.57453,43.344273
Canada,CAN,2857.275,2884.924,2977.6133,3096.846,3127.392,3008.582,3020.8276,3101.7253,3180.0066,3301.1558,3381.887,3474.036,3491.2454,3441.1692,3550.909,3647.4895,3572.098,3693.3928,3711.0212,3768.0676,3793.2556,3771.9497,3915.8445,3869.2676,3717.6982,3752.4795,3893.982,3905.844,3999.0527,4007.7463,4019.3127,3983.994,4038.1782,4090.1682,4067.8503,3821.6829,3866.976
Cape Verde,CPV,0.6268191,0.19242774,0.20432143,0.28217378,0.34384754,0.34384754,0.34384754,0.40713635,0.41220063,0.49031276,0.4803487,0.5418396,0.5403271,0.5432827,0.54335713,1.3662916,1.5209234,1.6528758,1.6428664,1.7964948,2.8019478,2.9772549,3.3181305,3.3627582,3.1852062,3.4102037,4.0582156,3.64107,3.583382,3.8647695,3.818471,3.9881656,4.2311363,4.2816496,4.2608,4.049204,4.2622404
Cayman Islands,CYM,0.4711447,0.44532597,0.47033894,1.1454084,1.1424204,1.2143105,1.2019284,1.2191225,1.1553159,1.3328128,1.4279208,1.4318329,1.4281783,1.4281783,1.4281843,2.0827904,2.1090996,2.1863046,2.2145648,2.0931861,2.1548247,2.1855607,2.6120863,2.6823702,2.4890697,2.5006146,2.6326067,2.4322448,2.4009466,2.4414272,2.5824666,2.547741,2.955283,2.758885,3.3427737,2.8264804,3.0102742
Central African Republic,CAF,1.0261606,1.2556524,1.1627513,1.1662313,1.1660869,1.2399987,1.3000082,1.2504565,1.3639117,1.4307688,1.4335638,1.5029972,1.5026673,1.4963012,1.4969937,1.446231,1.4854127,1.4684358,1.3805084,1.4787087,1.4819759,1.537575,1.5284002,1.2356352,1.189496,1.211702,1.3225162,1.3485234,0.9931126,1.1432436,1.4313644,1.5070812,1.5073513,1.5409663,1.5585275,1.4999926,1.561469
Chad,TCD,0.6625949,1.1444821,1.0165235,0.6175283,0.6771561,1.4191221,1.3876057,1.3914074,0.66766983,0.7299804,0.7299804,0.7319803,0.79063296,0.79063296,0.79063296,1.0321127,0.99062955,0.9778943,0.966632,1.0184119,1.0961044,1.1126602,1.2279041,1.2876309,1.403835,1.5571327,2.2286997,3.8592696,4.0028453,4.160346,4.218693,4.182099,6.732162,7.132974,7.389022,6.2003345,6.2046566
Chile,CHL,109.89988,114.16518,119.83271,133.71678,147.82237,155.6806,174.9642,194.19398,205.22807,215.48125,232.23555,245.84499,281.05872,281.4758,293.1152,307.39124,313.34488,320.8014,322.48972,344.299,357.32693,369.6823,369.29858,369.30566,354.37238,363.94763,385.7118,402.74655,413.7593,409.53394,414.2298,433.90335,450.3469,468.27765,473.9787,442.47766,476.857
China,CHN,6150.371,6444.106,6950.239,7467.112,7836.4365,7938.249,8337.61,8773.708,9457.634,10048.812,10352.658,10907.449,10981.134,11000.566,11386.067,11800.283,12470.0625,13580.49,15818.756,18509.135,21027.164,23048.332,25049.576,26020.463,27158.898,29055.61,31336.535,32624.178,33852.562,34729.066,35135.99,35277.71,36649.383,38409.645,40188.543,41493.71,43847.004
Colombia,COL,219.45323,229.96333,251.2709,251.09224,264.48523,252.48114,259.16888,268.5059,292.18634,316.38965,323.72476,336.59888,342.1698,346.52112,322.87454,314.18436,316.8647,316.9361,322.86337,339.53064,334.3015,385.98672,392.2712,408.47995,403.78226,424.601,443.7966,471.93307,485.0396,510.58585,483.40317,544.61725,549.7021,558.41876,563.1924,512.58594,574.74524
Comoros,COM,0.19112273,0.10696596,0.22538495,0.2256711,0.22539257,0.2665876,0.25733376,0.25779054,0.25725934,0.25726342,0.25708517,0.25778937,0.25720304,0.3133855,0.31340757,0.43837464,0.4575549,0.46044254,0.58846456,0.6460338,0.62053835,0.7221934,0.47722846,0.48649588,0.5933343,0.70470726,0.63307655,0.65812624,0.78530526,0.7014616,0.75678515,0.8873186,1.1367831,1.2369027,1.3334004,1.2721838,1.342369
Congo,COG,4.8734365,4.4745393,5.4180193,4.383702,5.0791435,5.644281,5.1631036,4.938633,4.450391,4.219926,4.3137455,4.586272,4.4738564,4.168153,3.4878945,3.847001,4.722345,4.370236,4.997155,5.300842,7.1656,8.544958,10.514693,11.968252,14.525248,19.793043,23.77725,24.388788,30.831583,29.33179,29.581387,28.268084,21.170794,19.616518,16.009293,13.568663,13.7025585
Cook Islands,COK,0.24482083,0.18361562,0.18361562,0.18411867,0.18361562,0.18361562,0.12627813,0.18442178,0.18391775,0.18391795,0.18391784,0.18442172,0.18391493,0.18391447,0.18391533,0.27384815,0.26121598,0.14153516,0.1305437,0.22142364,0.3544613,0.3776726,0.31866208,0.32739404,0.30162928,0.35828474,0.40203384,0.42623848,0.42588326,0.45084995,0.42234257,0.4402282,0.4739072,0.49969968,0.501086,0.47121048,0.4928464
Costa Rica,CRI,17.492935,17.072783,18.889378,20.432806,22.237335,21.781425,23.24926,27.45788,29.871525,30.261887,30.762812,31.053724,34.869125,35.77244,41.079,42.57457,43.341686,45.11992,46.03843,47.468872,49.338017,51.487255,54.406677,55.110283,53.60737,54.480923,54.76961,55.291924,55.670418,56.80869,59.283073,60.83589,63.17111,64.53538,66.162155,58.84567,61.628967
Cote d'Ivoire,CIV,22.636932,23.057503,25.312681,26.266176,26.348284,22.706413,19.198427,18.641111,20.956682,21.620573,23.589964,27.44238,28.010914,28.274908,36.54698,36.75879,36.417774,35.39801,31.913124,34.138916,37.920692,32.368206,34.64952,38.11694,37.210735,38.05664,35.414494,43.206425,47.847446,50.55052,50.25,57.062553,56.87046,57.004215,61.711365,61.19384,65.13984
Croatia,HRV,,,,,,100.82002,83.78954,80.523476,84.00601,84.86329,87.84965,94.241035,93.35869,98.73133,102.114456,96.54981,101.515945,101.62211,106.3196,110.54107,109.284904,107.94981,108.45485,107.86448,106.488785,108.26423,94.44827,87.5947,96.07299,96.00875,91.01988,94.73056,94.7834,98.16044,95.81319,91.37846,98.31208
Cuba,CUB,142.30908,146.04724,143.85564,145.93317,148.81274,145.7028,135.5805,120.6413,117.90354,119.187996,121.512535,125.30463,137.90054,131.1834,113.50219,109.76964,101.090324,102.29986,103.83843,105.13595,103.454636,100.83606,101.84165,116.49852,117.37301,133.37254,119.80139,130.39006,125.37503,127.56847,127.91406,99.81311,106.08925,111.2338,108.710625,101.7874,103.89113
Cyprus,CYP,13.565378,14.143437,17.280825,17.845005,18.312033,19.274536,19.512156,22.79668,23.690178,23.732359,25.230673,25.604818,25.85162,27.446606,28.880678,30.261103,30.609652,30.185936,32.0883,31.228363,34.992786,34.41193,34.986603,35.85529,35.003563,34.056034,33.72514,31.604967,28.278452,28.294397,29.184475,31.736937,32.595684,32.462143,32.4935,28.281317,29.841984
Czechia,CZE,631.5098,638.55334,653.2551,656.1135,636,546.744,497.63907,482.9794,478.92923,466.515,486.21396,502.92194,482.31992,468.27097,448.98697,474.50375,485.27197,486.75656,514.5501,527.8245,519.63196,529.4554,523.70526,513.6187,492.81097,513.649,501.97574,499.4383,490.22104,479.9369,470.71613,464.37427,490.5819,489.02423,477.90494,442.5676,466.40598
Democratic Republic of Congo,COD,28.49273,30.109146,28.672836,31.449997,32.583557,31.185865,28.943817,31.92786,30.711498,26.885944,29.410696,30.089281,27.072277,25.523737,27.725248,21.329906,20.976192,21.559868,22.436525,25.4304,27.59236,29.11296,29.99664,28.387693,27.774822,30.718761,33.242714,32.71257,39.533257,47.358894,36.523895,33.67955,36.642403,38.71641,39.83934,41.209312,39.40167
Denmark,DNK,217.8157,222.6435,214.64073,212.30624,195.81453,201.96101,232.8537,218.13678,231.30373,248.05594,243.61967,289.88892,262.99796,253.69131,246.04887,236.5194,237.21649,236.75545,255.23254,241.65175,233.61684,255.48137,243.40105,234.8721,220.80693,235.97665,220.97462,205.24347,211.70235,203.5635,198.9746,201.60147,202.98541,200.11829,196.04588,176.48528,189.43509
Djibouti,DJI,3.1639986,2.8475986,2.9096417,2.8501763,6.698371,6.8819866,6.8819866,6.968278,7.011282,7.2014976,7.134245,7.153791,7.2014976,7.2014976,7.2014976,3.533749,3.520617,3.530918,3.6626916,3.562442,3.368781,3.1481004,3.2768269,3.6643205,3.1819425,3.6236532,2.737275,3.611889,3.7283626,4.138329,3.6496913,3.48905,3.1583176,3.3127282,3.059594,2.9453895,3.0790696
Dominica,DMA,0.22250561,0.18727227,0.24641474,0.26273388,0.26275843,0.26261777,0.26277718,0.26281828,0.26218167,0.33427587,0.4152805,0.41641688,0.41789886,0.43872422,0.45394576,0.52928126,0.5666481,0.53400254,0.59574175,0.70577675,0.6763227,0.6744093,0.8147957,0.7335805,0.7449144,0.7790641,0.7892449,0.75943184,0.7586231,0.78279257,0.8130677,0.850164,0.79398596,0.8187616,0.789469,0.7241603,0.76402795
Dominican Republic,DOM,29.139956,31.82706,34.960423,38.74327,37.68527,40.65883,39.30068,42.02656,39.410534,42.874413,46.278965,50.296066,53.197384,55.06584,62.541843,86.21111,83.80706,88.52087,81.2121,75.58158,83.079445,82.92249,85.242294,84.75504,83.73564,87.79959,86.39796,95.89783,91.43549,87.788315,97.34283,103.54014,102.12164,112.90603,120.77078,104.46019,111.04068
East Timor,TLS,,,,,,,,,,,,,,,,,,,0.6991211,0.7570248,0.75966024,0.77503103,0.80221593,0.8816597,0.98657393,1.0268909,1.0654932,1.2627398,1.9007002,2.1808667,2.13834,2.0929565,2.134672,2.1638384,2.1804886,2.0667233,2.1339822
Ecuador,ECU,60.968277,63.905834,65.86541,76.07124,78.44753,80.98211,89.4387,88.9794,92.23142,100.32273,94.81821,107.91351,120.22123,120.84404,110.230705,104.128815,105.482956,104.10937,106.60742,114.05594,120.72479,127.68567,134.25255,143.2851,139.80513,155.19421,164.64429,173.93344,179.50916,188.56316,188.04614,187.40384,195.10971,206.38023,211.3331,182.8624,212.59688
Egypt,EGY,328.84943,336.31656,356.6302,361.8768,381.46774,391.32346,396.43268,392.62604,392.9128,413.2275,437.82062,461.2768,480.5004,500.30728,536.88873,568.53345,593.31384,610.2438,645.99164,682.05383,699.41656,736.6443,784.57935,831.83813,861.67126,895.11176,941.57367,979.9047,973.26874,961.9715,976.1081,1030.2607,1070.7452,1071.3456,1051.1061,989.0688,1058.7433
El Salvador,SLV,13.406738,14.094238,13.734698,14.982298,15.159696,15.717758,15.534816,17.580929,18.218136,19.94467,24.836594,25.404926,25.216356,28.747938,30.364742,29.402664,30.5312,31.272413,33.36593,33.27612,34.426746,36.386955,37.939373,37.234364,35.896305,37.190758,37.24407,37.562363,36.514393,37.35043,38.633717,38.950665,38.684814,41.71052,45.666763,42.259533,44.681767
Equatorial Guinea,GNQ,0.3706547,0.3098989,0.32177678,0.32255483,0.5087161,0.5086985,0.50871843,0.5100092,0.508644,0.5086481,0.5086148,0.5100081,0.57389146,0.7906023,0.79063284,3.2545538,1.8517739,28.258074,30.617418,6.2173076,22.617237,27.631754,30.564075,30.279116,32.082115,30.814402,33.128353,32.21646,33.239258,31.289293,27.943586,27.598911,30.995258,28.107082,27.40286,18.08033,20.266384
Eritrea,ERI,,,,,,,,,,3.8837407,4.4491568,4.5475116,4.5973806,4.8820777,5.06736,2.5992396,2.8474114,2.5962582,3.1118126,3.3888624,3.3910127,2.3323069,2.3950188,1.7113456,2.0677683,2.0614183,2.102094,2.2337594,2.2805402,2.3813727,2.3641987,2.4062965,2.643787,3.018665,3.276569,3.1348097,3.3107688
Estonia,EST,118.452614,117.88285,119.66634,117.63286,121.22505,127.58501,116.749886,81.28993,67.56243,68.53907,62.16536,66.012245,65.027534,58.334423,53.737854,55.49626,57.8458,57.607063,62.815613,64.1065,64.46387,63.68031,73.74553,67.85601,58.727203,73.14661,72.96272,73.48786,77.46338,74.16147,68.6264,70.76302,78.48448,77.879,62.760654,58.73331,61.401203
Eswatini,SWZ,3.0766537,2.9571452,3.2761543,3.3113673,3.5549152,3.4487298,3.5279212,3.4545345,3.4426267,4.4576893,4.364791,4.1733484,4.289431,5.3096805,5.4118285,6.2694864,6.323241,6.5148754,5.991857,5.8219347,6.0242815,6.1294856,6.38719,6.1733627,6.025186,5.661273,5.7878337,5.7382684,5.6512094,5.7376,5.68842,6.0186443,6.394685,6.757853,6.7606983,6.6292934,7.131119
Ethiopia,ETH,13.344599,13.079482,14.696903,14.425016,15.16843,15.476386,13.417995,18.05062,17.270784,12.937038,13.879298,11.653441,11.742957,15.273036,18.113241,19.304592,21.01949,21.595362,23.357014,24.974146,28.678482,31.471079,34.836338,36.469288,37.707485,41.786682,47.21692,52.61914,61.418804,69.58626,73.31093,84.99689,86.0149,91.52436,105.21818,100.7959,104.836815
Falkland Islands,FLK,0.0646417,0.050006818,0.050006818,0.087021574,0.12462115,0.062310576,0.062310576,0.062481288,0.062310576,0.062310576,0.12462115,0.075326204,0.13746129,0.07515071,0.075155616,0.11572172,0.12846471,0.14130038,0.15418118,0.16701825,0.167017,0.19273679,0.1927337,0.19764054,0.19758543,0.18957193,0.18727766,0.19355738,0.19360867,0.19354507,0.19889024,0.20819582,0.20015317,0.20730382,0.20691307,0.1767433,0.1870031
Faroe Islands,FRO,2.3365648,2.2313569,2.3104243,2.430548,2.6680903,2.9133492,2.6887143,2.7098436,2.6464567,2.715515,2.9079008,2.9069347,2.9133408,2.9173355,2.8969169,3.2114122,3.5360024,3.4614959,3.4489763,3.5427732,3.4714801,3.4384832,3.5833201,3.3153546,3.0768533,3.1942558,3.0535889,3.1182444,3.3955,3.1875265,3.4103537,3.3968182,3.8224695,3.9258292,3.874633,3.590405,3.7546556
Fiji,FJI,4.311237,5.1500773,4.4173665,4.3828664,4.994632,5.4282227,4.744142,4.903751,5.157806,5.3019147,5.70304,5.8414025,5.8233423,5.6529975,6.139447,7.7498546,8.055674,6.822742,7.4821954,9.909775,8.482526,9.294577,8.962431,7.075837,6.1325884,8.298196,6.4357924,6.4879756,6.8536205,7.2206216,7.5502286,7.4337616,8.07573,8.561964,8.649831,8.312041,8.527583
Finland,FIN,285.74112,289.02658,304.29984,302.30862,303.61365,323.24893,330.75787,329.67514,332.5108,349.03134,332.73962,347.4788,352.3808,364.24442,357.1492,359.1098,366.89365,368.7681,394.92767,393.25397,357.54767,383.51224,382.1924,368.49554,341.28772,371.2906,349.9229,340.45874,341.8005,329.82288,328.8933,334.08334,327.2159,333.84097,326.9818,313.94992,320.63977
France,FRA,2415.4453,2472.164,2528.0325,2561.4714,2593.2905,2649.8232,2834.1758,2857.941,2853.8882,2824.7595,2904.1978,3012.3481,2965.6794,3037.222,3078.016,3117.9092,3143.0464,3118.9194,3153.0417,3180.1296,3154.079,3128.9307,3075.7896,3084.8447,2908.9104,3001.2307,2897.027,2894.0276,2924.1458,2796.8435,2822.273,2765.4526,2754.9192,2788.956,2729.5625,2441.1663,2593.6248
French Guiana,GUF,1.3295312,1.5578903,1.7793993,2.0447025,2.3514535,2.808311,3.0847182,2.5445678,3.3932683,3.3932683,3.956866,3.9001904,3.956866,3.956866,3.956867,2.2505777,4.123528,3.8337162,4.4677114,4.462824,4.467199,4.1881976,4.553709,4.645353,5.447793,5.2070885,5.349392,0,0,0,0,0,0,0,0,0,0
French Polynesia,PYF,3.240313,4.108513,4.1511617,4.1644945,4.218901,3.9934638,4.027586,3.8270206,3.828591,3.0930204,3.2973943,3.2742858,3.3177128,3.370881,3.1803648,3.5640922,3.91075,4.1556735,4.496459,4.4696107,4.6549926,4.6038127,4.8785715,4.9660535,4.936287,5.131611,4.8278246,4.6540155,4.5916595,4.5648503,4.7499766,4.720304,4.597504,4.683063,4.7184052,4.4983964,4.6342387
Germany,DEU,4290.3286,4254.676,4291.178,4305.7656,4260.1895,4192.6416,4090.6428,4009.3376,3991.5264,3954.172,3974.795,4105.8457,4053.187,4019.6313,3963.56,3988.179,4062.799,4011.723,4010.471,4009.893,3962.635,4062.387,3893.4233,3934.6663,3692.1782,3847.1511,3710.5845,3761.916,3868.517,3710.4646,3780.8599,3841.4512,3888.1333,3787.6824,3694.8396,3443.882,3544.581
Greece,GRC,220.91052,221.38011,242.08026,255.60056,277.0697,287.31247,291.4823,296.6184,300.53082,305.64337,316.79404,324.8006,334.04376,354.7729,354.70483,373.0521,376.0252,376.37057,398.31604,398.23236,399.60614,411.30588,419.3504,411.58505,396.39783,378.43732,371.28455,349.30197,328.3033,307.91022,311.72308,306.9926,322.1973,324.0658,316.8873,276.95612,302.5362
Greenland,GRL,2.0994537,1.3955699,0.9655146,2.2592554,1.9919415,2.2753153,2.2473025,1.9973627,2.0423534,2.0542161,2.0542161,2.1770086,2.233371,2.233402,2.7458847,2.9761984,2.7778873,2.6892092,2.947846,2.842635,3.4233248,3.140774,3.5480793,3.1541855,3.4551208,4.365319,4.3154736,3.6002223,3.621971,3.3852062,3.6067116,3.5601213,3.5415578,3.6112554,3.521883,3.5521214,3.5740314
Grenada,GRD,0.23910645,0.27723795,0.34132174,0.35440978,0.3535886,0.52565837,0.52565837,0.54193795,0.62300235,0.7144853,0.65072715,0.6968214,0.92213714,0.79964626,0.79965377,0.8628608,0.89806134,0.9228012,0.9761637,0.9479367,0.9967932,1.0313488,1.0949041,1.1642377,1.1303891,1.1745367,1.17188,1.1936868,1.3468796,1.138644,1.1850467,1.2207305,1.3271629,1.3067567,1.3078552,1.1029536,1.1754613
Guam,GUM,2.6866624,4.502034,3.1683521,3.2784362,3.045281,7.645355,8.575646,10.311064,13.676485,19.913963,14.791162,13.112769,14.937743,12.347591,13.725688,13.982398,19.359362,13.456475,11.392378,13.243676,15.508345,16.355312,11.815087,7.4398804,11.819359,10.535793,9.309929,9.969199,8.406397,8.13574,8.644302,8.144545,7.476278,7.4965663,7.492544,7.1242437,7.535627
Guatemala,GTM,17.596222,19.032507,19.155212,21.002722,21.965387,23.442286,22.790943,25.08893,26.80579,29.929008,32.02282,33.115944,35.768574,42.064976,45.325752,47.63064,49.64537,50.17874,55.09398,51.991894,53.675705,56.907677,61.005024,56.65779,59.241055,58.23573,59.401413,63.603226,68.00804,71.687744,80.04745,87.28228,94.63285,97.299934,100.10175,99.5661,100.58174
Guinea-Bissau,GNB,0.53588116,0.4609352,0.79548585,0.91468644,0.92517644,1.131266,1.131266,1.2017624,1.3167536,1.3167536,1.3167536,1.2639755,1.3167536,1.3167536,1.3167541,0.996814,1.015138,1.0370629,1.2056919,1.2474937,1.2635623,1.2923663,1.3731303,1.3373134,1.3855277,1.4218439,1.4426891,1.4710882,1.5058649,1.5821962,1.6366516,1.7039256,1.3791065,1.3856009,1.3854842,1.3230809,1.3957903
Guyana,GUY,5.900151,5.6055236,4.2605567,4.211093,2.8329947,2.7264612,3.2135136,3.5687416,4.5529747,4.5510426,3.8641777,4.2108197,4.480312,5.793107,6.954288,6.9311028,6.774319,6.852336,7.060015,6.8927383,6.221415,5.567751,6.889332,6.550098,6.745561,7.264884,7.556521,8.567865,8.391866,8.370713,8.49344,9.590764,9.509585,9.717782,11.330115,11.014605,11.014605
Haiti,HTI,4.4381647,4.4672623,6.499317,6.8769584,6.398425,4.1094227,4.158253,4.4952383,3.4019947,2.910589,4.5574236,5.295176,6.411761,6.299905,6.8204303,6.989819,7.604301,8.329151,7.705837,8.873864,9.256048,9.474688,10.21842,10.295057,9.786872,9.076634,9.542193,10.491044,11.038771,11.895988,13.570336,14.088038,13.984254,14.597323,13.217826,11.0476675,11.801085
Honduras,HND,9.33165,11.007436,10.614573,13.346364,15.419951,17.285564,17.263231,17.815287,17.766825,17.75552,19.19583,21.474396,22.050585,23.661303,25.352324,24.346216,26.576199,26.845087,29.437044,31.275608,32.102013,30.896307,38.258102,37.8983,35.912487,37.517864,37.99666,41.388077,41.480186,45.447643,50.56032,49.596046,52.525883,57.746044,56.173466,51.09921,52.285263
Hong Kong,HKG,100.76825,105.59092,116.01949,133.64908,142.85945,139.35774,144.38942,169.92891,185.5023,168.0929,180.68063,180.591,182.6931,186.23376,188.62173,197.47531,249.42021,243.43251,251.40543,281.52695,270.09045,285.75247,304.01443,282.85327,308.8583,321.1757,329.33105,316.48947,325.02762,317.20776,326.45114,335.05292,359.34073,363.57333,344.54462,257.8702,243.6041
Hungary,HUN,333.3812,331.8244,346.65372,338.6563,329.90515,323.25543,301.9012,289.65198,278.8413,283.5847,286.80054,292.24866,285.1972,289.47705,289.33777,280.8023,287.6443,280.91214,284.3871,288.92676,308.07727,302.06055,298.0855,293.89648,272.6884,277.82706,269.46396,251.11597,238.04141,238.26877,251.03966,255.4948,269.29346,271.20258,274.8925,270.3273,283.95834
Iceland,ISL,18.410107,19.24943,19.8564,20.946768,21.678116,21.688086,21.18768,21.934168,22.785404,23.039999,23.782099,25.167961,26.403275,28.570063,31.300348,33.229614,33.59983,34.91136,35.086388,35.7808,35.90419,39.38225,45.020454,56.450768,56.355034,56.386024,56.377453,56.89812,58.71669,58.62973,61.207317,61.441673,64.24559,66.45856,63.328125,58.08151,60.644577
India,IND,1584.2627,1695.5905,1802.8535,1962.3014,2143.4136,2300.7012,2427.6628,2552.772,2616.248,2757.121,2963.118,3081.6313,3252.0098,3449.4966,3546.3625,3725.401,3740.8735,3870.8083,4008.7097,4352.6514,4608.417,4854.8667,5268.96,5576.529,5991.8525,6251.326,6592.3706,6948.685,7178.7197,7664.0034,7929.679,8284.972,8600.742,9088.107,9317.351,8828.374,9585.078
Indonesia,IDN,412.98462,441.02548,465.49515,491.40314,544.86926,600.1789,652.9384,716.8603,763.84265,799.6467,870.28394,933.1465,1012.6952,995.5688,1086.9856,1163.5176,1246.2579,1280.3842,1389.068,1375.8467,1416.0144,1440.2039,1545.699,1563.5452,1606.1854,1738.3348,1836.3699,1895.7885,1809.8263,1839.6007,1866.1007,1896.8113,1967.7083,2151.6267,2299.6296,2163.7532,2214.0532
Iran,IRN,643.94135,603.27344,646.7598,659.57935,720.9754,811.283,880.22864,973.4238,900.7482,1008.74506,1057.9441,1150.8833,1186.134,1235.5066,1331.5682,1396.5679,1492.1416,1626.3677,1656.1945,1831.9579,1940.2999,2120.2705,2253.9915,2323.3672,2379.2898,2430.6875,2527.5056,2551.5962,2652.0325,2768.922,2735.8362,2884.797,2995.331,3095.9187,3263.9712,3387.9543,3322.0579
Iraq,IRQ,143.26233,165.00845,194.66452,225.42177,255.94246,237.72375,150.03163,238.08551,316.3496,358.0795,356.73123,357.1321,423.3329,317.77405,229.28128,322.66235,360.44513,342.5957,304.07303,326.04388,308.3225,299.682,302.1791,345.91293,339.51334,379.91348,391.3085,426.57605,470.12567,455.2057,447.09543,485.35147,567.4052,590.49176,639.68274,571.86237,592.7278
Ireland,IRL,99.53785,107.502754,108.71921,108.19895,111.47248,117.88633,122.46164,123.018745,125.62607,130.93552,133.62074,141.03665,145.73021,156.80545,165.53717,173.34885,183.16753,181.35396,176.85468,180.36188,188.174,194.29442,197.32437,196.37903,176.61156,178.30043,170.26166,167.46858,164.99734,164.55302,173.913,181.63763,182.40254,186.47433,187.35852,176.07672,179.446
Israel,ISR,98.2529,103.353065,110.83444,118.7903,124.275665,129.13528,131.27762,153.19658,166.36638,173.56897,195.20836,202.29688,221.21292,232.79358,241.2717,227.37114,227.21245,231.7825,238.83598,243.48903,244.64948,245.9597,255.08469,262.42743,254.95598,265.0588,270.06186,282.72516,267.18036,260.6474,275.05713,280.5702,285.68524,292.21167,301.50592,285.13525,292.04428
Italy,ITA,1636.6603,1681.0067,1731.0737,1773.7384,1824.9442,1854.8859,1913.1323,1905.3289,1865.0537,1860.836,1936.397,1935.798,1969.2843,2014.5813,2071.3826,2099.2852,2097.5369,2083.352,2149.7844,2197.5198,2200.2498,2190.0674,2148.2993,2111.905,1971.7054,2036.7328,1997.9124,1943.8773,1858.6002,1762.3201,1814.7657,1821.9315,1843.1206,1853.6401,1819.5557,1651.9623,1768.6172
Jamaica,JAM,19.913221,19.780535,21.739887,24.55473,28.556221,29.885424,31.193974,33.741344,34.250633,35.31796,39.372444,40.577766,42.375107,43.328506,44.37129,43.211422,43.843773,43.64882,45.48951,44.501144,45.886753,52.419537,53.39062,45.405308,35.698082,32.796238,34.7455,32.558598,35.42048,34.90134,35.997795,37.267353,33.539192,34.684174,43.29625,34.123722,34.59914
Japan,JPN,4481.0884,4475.0376,4670.1104,4927.338,5060.5527,5184.285,5363.508,5426.2935,5516.978,5718.397,5911.9053,6029.414,6146.9644,6049.681,6144.011,6253.323,6185.7036,6165.8965,6162.9126,6247.1064,6352.418,6335.8213,6274.491,6158.5317,5621.991,5983.7993,5669.208,5615.884,5575.617,5431.2173,5363.93,5295.605,5354.6772,5316.556,5205.5366,4825.2485,5037.4814
Jordan,JOR,35.633587,37.97126,40.88555,38.36451,39.51517,42.15597,39.965927,47.103443,46.597828,53.54953,56.13172,60.325836,58.302948,62.35446,62.998188,66.33986,63.718197,66.82519,72.97168,79.27677,86.07135,88.99387,85.58677,82.44918,85.74355,89.245705,93.45376,99.16974,98.46778,101.033775,109.15669,116.34625,120.371185,117.50013,120.44836,107.51725,102.37639
Kazakhstan,KAZ,796.02734,814.25055,832.5948,862.9574,849.496,859.42535,858.5374,847.4754,748.1536,666.42114,598.716,521.20215,459.57828,433.00293,406.96085,369.74738,416.19168,423.94363,464.69073,490.6227,504.62534,543.3905,602.8878,635.43243,569.006,611.1952,694.0156,729.85333,731.60547,769.1109,635.9098,711.3266,764.92584,789.19745,798.71204,735.9369,822.2053
Kenya,KEN,30.146982,31.651003,29.037605,33.02268,35.630024,35.934166,33.323612,36.085022,37.22522,38.042973,40.418476,42.28962,39.313633,43.320107,41.10868,45.629185,46.44051,46.868996,44.622013,48.01649,52.13451,57.201344,57.552902,56.80351,62.04586,67.37207,69.644844,68.869995,72.58364,75.852745,89.5755,94.18906,94.94264,102.26798,99.16891,98.88311,103.50374
Kiribati,KIR,0.061962523,0.064112626,0.0754843,0.07565462,0.0754843,0.0754843,0.07630237,0.07565462,0.0754843,0.0754843,0.0754843,0.07565462,0.0754843,0.0754843,0.075487964,0.14542937,0.12409294,0.18187264,0.18908446,0.20252702,0.26538065,0.2952016,0.26950946,0.3018735,0.26352957,0.26245517,0.24237041,0.23942079,0.24217412,0.24384083,0.26302695,0.28223434,0.3183175,0.32035,0.32211494,0.30576795,0.31533784
Kosovo,OWID_KOS,,,,,,,,,,,,,,,,,,,,,,,,24.445822,27.49982,27.258837,27.410341,27.27203,26.094912,24.175629,27.657274,28.706657,25.705608,26.263042,26.983175,26.672188,27.883156
Kuwait,KWT,120.555084,138.0484,127.516205,143.99364,155.05028,91.492676,46.120697,81.67526,100.172905,116.934494,150.54976,149.0201,155.05125,190.9837,198.2651,211.94313,214.30533,226.82976,271.09064,302.86526,334.0931,321.13055,311.9607,337.75845,342.90417,392.9641,394.1704,397.86182,424.3276,413.6533,444.58252,442.9686,445.47583,459.94553,420.26105,397.88113,424.15015
Kyrgyzstan,KGZ,,,,,,,,82.7377,72.46727,64.11,54.607563,67.99491,64.12022,64.35059,69.22621,69.96627,66.38814,56.687428,59.905827,61.143585,57.57032,58.66886,64.38594,61.473503,62.066814,59.42368,67.648445,76.52915,71.8661,73.127846,65.63956,66.99369,69.38583,73.30649,66.91757,67.0747,60.542263
Laos,LAO,2.7158732,2.800277,2.2123737,2.081816,2.643087,2.9830692,3.2470276,3.238828,3.3318818,3.3138788,3.92301,4.4735723,4.5330763,5.771214,6.822626,11.332878,12.043276,11.977943,11.678458,12.113857,14.007215,15.860421,15.559872,17.63006,18.505816,29.250225,38.47994,40.12407,47.307285,48.08162,70.62649,120.128654,121.92248,126.88351,131.63283,143.98279,139.94064
Latvia,LVA,106.28864,98.76857,90.122856,85.056816,85.03689,86.466255,79.67954,57.034683,49.155556,47.623066,44.568214,41.465206,41.772293,45.462013,38.594276,37.75418,40.664444,41.022438,40.518814,45.555637,46.957714,44.543407,45.92616,46.242855,43.82077,49.669945,44.33605,45.962738,44.23667,40.747486,41.74564,44.49915,48.978153,43.564484,44.83716,40.858128,42.6252
Lebanon,LBN,31.285233,29.915901,31.406761,28.349,22.561127,20.880962,34.384384,35.185112,44.14319,49.708504,53.374496,56.604107,64.81231,65.40066,67.03975,60.606056,64.49337,65.00091,65.76613,65.4509,62.575287,58.00841,51.343483,66.28692,81.97172,79.19253,79.97874,89.54121,89.2734,91.99911,101.51782,104.42425,111.53107,105.1971,106.661156,103.86615,105.31844
Lesotho,LSO,0.65591204,0.68798614,0.68798614,0.46299294,0.68798614,0.8799782,0.8939775,0.9307942,0.9617728,1.0691706,1.08317,1.0962496,1.0771703,0.9371532,1.367564,2.4693427,2.5016437,2.5715294,2.6158326,2.6253881,3.0930068,3.286833,3.9715817,3.6017246,4.116414,4.3996096,3.9381018,4.1526675,4.2373376,4.3456836,4.2430806,4.593167,4.89175,4.7961416,4.871765,4.7167816,4.8659377
Liberia,LBR,7.7520804,6.1249413,4.79951,5.9739037,4.9923325,2.4021559,1.3531039,1.4188808,1.5658354,1.5658354,1.5658354,1.6264313,1.6220274,1.6782192,1.6782194,1.8909329,2.0167847,1.989471,2.1787899,2.3634825,2.7665544,2.833771,2.6449285,2.3433158,2.1389852,3.367721,3.749771,4.1589627,3.6788895,4.844483,4.862246,5.590125,4.831436,5.4881964,5.4879627,5.240454,5.528998
Libya,LBY,123.67165,129.34796,133.00183,136.17917,140.90173,148.89038,155.43633,145.05078,150.26828,155.35968,162.21968,171.44562,180.53589,173.74141,156.8417,212.94627,214.66046,221.28317,218.0163,223.34734,230.98123,211.7974,210.39842,218.43176,249.98701,263.62225,173.02005,215.58334,231.87094,226.45312,180.20953,176.38931,199.04042,205.10458,212.98204,186.52736,190.40862
Lithuania,LTU,180.69313,166.729,174.66803,183.31961,198.57251,196.06561,206.55836,131.35474,103.41609,89.10107,99.3692,108.301,100.434845,107.839874,88.17457,78.49861,90.34824,97.97644,102.23037,103.36662,94.338196,89.70486,99.09159,97.826355,90.02716,66.19811,68.6969,68.63156,63.415512,61.20458,64.11229,65.726395,69.15024,70.969444,70.59712,70.29448,70.14949
Luxembourg,LUX,32.28811,31.564117,29.831417,30.571896,35.11698,37.151257,39.928738,40.04283,40.56885,39.01029,33.9346,34.89928,34.15858,32.987743,34.85965,37.2042,39.86669,43.58215,45.7039,51.779774,52.552967,51.62664,50.125652,49.76075,47.592953,50.115738,48.821117,47.95294,45.692364,44.27421,43.034466,42.459232,44.354897,46.43095,47.288246,40.540794,43.215237
Macao,MAC,2.6293252,3.75803,4.091411,3.979277,4.2376246,4.469845,4.4054017,4.556105,5.0007505,5.3376365,5.5277243,6.106567,6.261803,6.6920238,7.106243,6.9008813,7.108715,7.6577225,7.8614793,9.338222,9.594757,10.217636,10.461342,9.31368,9.939066,10.254951,10.314238,10.39241,10.539302,11.38831,12.959326,12.785374,15.746403,14.941686,15.279835,13.964754,14.693284
Madagascar,MDG,6.170881,4.3764853,6.0616455,6.6033545,4.9574466,4.897077,5.0731263,5.4910135,5.5508127,6.0347896,6.332846,6.512648,6.663769,6.7696595,6.786731,9.587165,9.408195,7.26744,9.301135,10.116486,9.790706,9.641767,10.290087,10.902319,9.618991,10.197317,11.428171,13.497147,14.159686,15.377752,16.817646,17.63125,16.164988,15.560264,18.68685,12.630883,14.678847
Malawi,MWI,3.584789,3.5508122,3.7114422,3.7220984,4.1892085,4.7065516,5.3798494,5.457077,5.3358154,5.663656,5.8980427,5.984441,6.019368,6.3862505,6.304766,6.8078427,6.685983,6.606124,6.9402328,7.401393,7.1995,7.4360375,7.408119,8.4443445,7.862678,9.427578,9.493657,9.531876,9.690505,9.974371,9.610899,10.123318,10.431984,9.962464,10.147229,9.751647,9.248383
Malaysia,MYS,171.88376,188.65878,194.52919,204.60263,228.99232,240.98552,301.8661,340.55438,342.51465,363.73718,397.95117,444.2731,515.45135,495.44113,529.4285,611.2572,625.815,659.1749,714.1565,771.64,835.0786,843.8329,900.0565,932.6227,903.04865,932.97424,949.2023,1038.4077,1086.7379,1097.6155,1114.5746,1172.3032,1188.4774,1209.5756,1240.7814,1196.4292,1246.6495
Maldives,MDV,0.24690251,0.28611678,0.28611678,0.34927857,0.34842736,0.4219261,0.4219261,0.42294216,0.49351045,0.9904782,1.3611417,1.4242837,1.2304893,1.3551103,1.3551129,2.8618531,2.3996603,2.8691986,2.494432,3.2629292,2.9541214,3.743637,3.8789015,4.216987,4.480191,4.528709,4.894298,6.235267,6.577692,8.817265,6.5987864,7.0005317,7.2642756,8.336382,9.367838,8.90442,9.214026
Mali,MLI,2.3830771,1.9739288,2.2413442,1.4337516,2.438144,2.4800205,2.485143,2.677344,2.6999958,2.7064896,2.7152982,2.813201,2.8503637,2.9144566,2.9164135,4.402962,4.4549117,4.3138275,4.328564,4.5019183,4.9864645,5.852126,6.8885784,8.22466,10.396323,11.761088,12.897018,13.713788,14.117615,15.7832155,17.25754,21.920076,23.833948,24.793644,25.333214,24.256605,25.59745
Malta,MLT,4.4337807,5.798366,6.476369,7.2262406,7.444077,8.106475,8.539957,8.975677,9.474625,10.14338,9.842447,10.209197,10.890258,11.405865,12.645787,18.514675,20.39525,19.899649,23.127022,24.279015,20.713343,21.168182,23.059702,23.88174,25.449509,30.380507,28.883959,27.543236,26.145313,26.757277,29.281233,32.549335,37.07361,38.70257,40.33273,37.139946,39.150482
Martinique,MTQ,2.918407,3.040007,3.4734535,4.236038,5.8513002,6.392519,5.3418508,5.880149,8.011482,7.9137106,8.0260935,8.048083,8.150448,8.088137,8.088137,9.408889,9.442908,9.847699,9.707335,9.739768,9.5578785,9.559524,9.931086,9.976643,9.959935,9.932711,10.324833,0,0,0,0,0,0,0,0,8.987336,8.987336
Mauritania,MRT,3.7672763,2.166309,2.9871986,3.8497922,4.43032,3.980959,4.164667,13.498046,13.816294,13.778497,13.980418,14.146001,14.159521,14.214742,14.215061,5.046055,5.2667933,5.6550307,5.9230733,6.3693943,6.647431,6.4735513,7.3103523,8.993636,8.931252,8.872325,9.551328,10.567443,9.61238,11.508354,11.6624155,10.890152,16.321316,17.400463,18.18961,17.476068,18.407001
Mauritius,MUS,4.1994534,5.217577,4.6114106,6.162119,7.167066,7.945111,8.047781,9.619927,9.691729,9.65901,10.343586,10.363112,10.470964,10.762244,11.870849,16.069244,16.400646,16.11135,16.46086,16.96436,18.180202,18.977518,19.69686,20.270046,19.555126,21.066702,21.593887,21.73981,22.076933,22.75332,23.596943,24.530706,26.913525,28.407331,29.555481,24.976973,25.62087
Mexico,MEX,1134.3961,1100.6743,1136.8993,1145.4647,1209.8295,1319.0715,1357.6798,1384.1091,1385.3857,1464.6439,1439.3373,1476.8876,1512.6991,1574.1715,1597.065,1693.2756,1679.5935,1720.0586,1740.9479,1843.0907,2019.614,2049.1768,2068.4585,2153.5232,2117.228,2125.4536,2221.8867,2241.8909,2242.8577,2230.574,2205.4211,2253.398,2293.2642,2265.2773,2241.414,2041.9174,2175.8943
Moldova,MDA,,,,,,,,62.269287,46.39288,32.44635,33.19198,37.952263,41.74149,38.828094,31.7112,32.95022,32.234013,35.49836,39.423717,36.805885,40.29086,42.639015,37.103584,38.32428,34.536533,34.161934,33.10092,45.2682,44.53569,42.5979,38.07466,38.05067,38.688618,41.25079,41.943604,40.321323,49.003654
Mongolia,MNG,54.385956,59.199844,61.901867,65.10425,61.736736,57.10106,59.253883,52.940266,48.582287,45.290226,43.172115,44.44818,40.613544,41.31398,41.5597,43.361916,43.276108,46.15494,43.81501,43.01109,44.602825,48.04128,50.427555,49.831665,50.456715,49.192204,51.20017,55.022125,58.388344,57.184326,56.871716,59.658356,65.15187,71.14611,78.48155,67.12849,75.01601
Montenegro,MNE,,,,,,,,,,,,,,,,,,,,,,15.352345,13.808573,15.605083,13.460192,16.806063,13.862648,13.469028,14.504869,12.961574,13.335471,13.316369,12.434129,13.799068,12.898393,11.286774,11.891775
Montserrat,MSR,0.12462115,0.050938897,0.06377903,0.0637859,0.06377903,0.07515071,0.13134255,0.13167198,0.13134255,0.13134255,0.19365312,0.19415328,0.19365312,0.19365312,0.19365802,0.1163139,0.1163139,0.16765162,0.16765162,0.16765162,0.16765162,0.16765162,0.18635729,0.23925507,0.2023005,0.2703093,0.186859,0.18127958,0.22841482,0.21329182,0.2400428,0.13693617,0.12300661,0.13662383,0.13662381,0.11502155,0.1224197
Morocco,MAR,65.302765,67.53514,69.565056,73.48684,80.84706,82.75576,83.8038,93.77931,94.765884,104.45442,102.451836,107.113556,111.35378,114.21169,118.49202,117.46338,126.90545,130.09198,130.45016,148.56302,161.33391,164.66475,163.22835,180.1308,175.78969,194.95639,204.74747,208.42181,213.97916,217.02507,220.8588,223.32423,233.80072,241.81398,263.84097,242.53397,269.05447
Mozambique,MOZ,8.552191,4.51802,4.5622797,6.621167,5.351074,5.4643,5.6074014,5.534178,5.9697113,5.77363,6.0863037,6.361627,7.56722,9.39491,22.797197,29.258709,37.512714,37.984047,38.472973,40.322792,44.25308,48.221252,53.581993,50.492657,54.579124,54.35235,61.550423,66.13165,70.08058,77.782234,82.61792,84.95021,85.286446,70.11783,74.10616,70.10905,71.891975
Myanmar,MMR,25.784594,26.25203,25.957079,24.966354,25.90202,25.123283,24.876244,26.01465,27.798685,32.523087,34.495865,34.847736,37.121716,41.13092,41.69722,48.04907,44.350967,51.47129,58.021305,60.84692,78.40151,74.006935,79.87678,73.32992,67.53897,68.4995,74.950516,89.36845,103.47361,120.964806,112.87985,129.81372,167.52669,172.26006,169.58122,170.05164,164.88298
Namibia,NAM,,,,,,10.158506,5.397102,5.0215225,6.314966,6.020458,9.465662,9.189578,8.87711,9.752679,13.059384,12.682486,14.678372,14.113462,14.879573,15.511443,16.35008,16.296886,16.769943,17.675087,18.015572,18.546684,19.268457,19.851057,20.532598,21.837519,22.858814,22.909967,23.574385,23.27655,22.642365,22.303202,22.134443
Nauru,NRU,0.5836534,0.55856276,0.55856276,0.5599868,0.55856276,0.55856276,0.55856276,0.5599868,0.55856276,0.55856276,0.6258154,0.6274237,0.6258154,0.6258154,0.62581855,0.45777974,0.41491455,0.3894659,0.3491558,0.3276831,0.32111254,0.23380357,0.22770943,0.23160583,0.22512592,0.23729913,0.23325796,0.24751909,0.28915864,0.31222987,0.33247906,0.3648832,0.28691924,0.33700904,0.27236113,0.2608771,0.27083334
Nepal,NPL,3.0277357,4.0747538,4.6406584,4.591306,4.6091776,5.5445786,6.3223166,6.666408,6.8113465,7.646126,8.456482,9.594314,10.355411,12.596296,14.234108,14.71252,15.524642,16.346617,17.194744,17.174726,17.8338,17.594135,17.46719,19.34023,22.126297,23.594429,25.143528,26.434418,27.945059,30.193071,27.033157,39.73368,45.509377,49.9894,49.032063,49.24105,48.285286
Netherlands,NLD,822.8482,863.6402,881.43427,884.3703,888.4579,910.73474,928.0633,939.1174,946.9661,936.8088,974.96185,1017.11066,998.8505,1005.9421,993.77686,1006.81946,1045.5573,1046.061,1053.0762,1088.7443,1112.242,1089.5758,1107.524,1094.3888,1079.291,1170.6506,1115.0919,1095.6993,1062.885,1016.3307,1026.0321,1044.014,1052.2062,1026.7698,1022.32947,990.14575,1014.6149
Netherlands Antilles,ANT,45.42615,44.402462,44.559654,42.095547,44.060196,43.106636,41.08786,40.61171,40.599747,41.985973,44.686638,44.18693,46.818233,47.384228,46.30676,54.727367,56.206646,54.6477,54.264412,56.305027,58.361084,58.757988,62.143135,62.03117,59.61953,51.43519,58.015438,53.91635,54.190044,54.753933,56.128387,56.587933,57.102283,57.883587,55.92616,47.134888,50.215538
New Caledonia,NCL,6.618635,6.6614313,6.5801606,7.1198273,7.7630215,7.509628,7.5797763,7.8026857,7.6943593,7.9352274,7.955042,7.993732,7.4611096,7.610643,7.7681346,10.029056,9.590607,10.372217,11.221449,10.882843,11.943799,11.755148,12.614512,12.662498,12.737026,14.831971,14.6616955,15.589296,16.703777,19.215096,19.672089,20.985006,20.324198,22.706648,22.563063,21.269629,20.146666
New Zealand,NZL,154.41534,166.40665,168.2393,175.23637,179.2441,186.43506,190.18727,190.50142,196.24623,207.13748,214.90567,217.98781,218.02164,218.02252,219.93279,229.55722,227.48297,235.29236,228.07092,234.68011,228.75876,230.26445,229.45981,230.08926,229.5236,235.13007,236.09717,237.84764,239.56792,250.67665,252.19344,255.68533,259.8468,258.47,263.68475,239.25703,235.5494
Nicaragua,NIC,10.528406,10.114148,10.58218,10.735903,11.633945,10.794632,10.326629,11.646792,11.985564,12.22073,13.074836,13.782107,14.174021,15.335933,16.443146,16.296354,17.29853,17.631357,18.706703,19.467884,19.785313,19.881092,20.705866,20.953167,20.958368,21.665756,22.791327,23.010035,24.426323,25.913784,28.355658,28.442665,28.35997,28.144852,28.157967,28.629322,29.219433
Niger,NER,2.8443413,2.4089055,2.6049013,3.6802123,3.7713099,3.7301812,3.7755542,3.6855428,3.8819888,3.9205313,4.040052,4.0600514,4.0806212,4.235751,3.943104,3.3174543,3.248509,3.4545631,3.7986734,4.167837,3.9281306,3.9520555,4.2528415,4.7267857,5.5650773,6.888005,6.914141,9.193494,10.34247,9.81472,10.3649645,9.681235,9.415173,10.389251,10.982877,10.765667,10.34748
Nigeria,NGA,175.44678,171.54764,181.19366,194.29669,210.37512,204.31708,224.61479,230.29465,233.79454,217.99307,242.4415,248.42427,248.52365,238.31921,239.12183,224.48198,254.04959,265.27914,279.6391,290.2112,317.43533,283.01282,259.4425,312.0455,195.81082,243.69942,346.74713,345.8569,444.87653,485.73407,459.22278,469.5742,456.4197,488.3947,504.77087,509.3741,543.7368
Niue,NIU,0.012736281,0.01273005,0.01273005,0.012733687,0.01273005,0.01273005,0.01273005,0.012733687,0.01273005,0.01273005,0.01273005,0.012733687,0.01273005,0.01273005,0.012735257,0.028383924,0.029088384,0.028063333,0.02634583,0.026293576,0.027183361,0.026917279,0.02484275,0.039290424,0.025858635,0.024091564,0.026788,0.026396567,0.028376363,0.029312711,0.031706557,0.030515382,0.029752932,0.030806992,0.03223946,0.030558735,0.031548053
North Korea,PRK,293.20618,295.7381,290.9591,342.2974,283.131,287.58002,286.2629,240.61742,264.7471,259.468,305.89886,294.73654,284.79968,252.61131,322.5759,287.1181,279.23526,272.9146,271.78885,283.35983,278.63095,264.0947,242.10452,260.75497,220.6128,210.62488,157.39717,150.45573,118.56006,111.504944,98.72228,114.25802,93.33703,96.75321,98.323105,99.829216,99.5751
North Macedonia,MKD,,,,,,29.659569,29.447424,30.236948,30.279469,28.441813,28.651134,33.28032,30.01362,33.92399,32.503963,30.847715,29.024567,28.361494,31.975607,31.577074,32.584064,33.184113,32.87806,31.796242,31.139317,33.898613,33.79075,31.354475,30.12023,27.962751,29.476517,30.59213,29.433117,30.42636,31.057503,27.707994,28.997852
Northern Mariana Islands,MNP,0,0,0,0,0,0,0,0,0,0,0,0,0,0,0,0,0,0,0,0,0,0,0,0,0,0,0,0,0,0,0,0,0,0,0,0,0
Norway,NOR,435.44504,424.84286,446.3506,460.09702,490.18774,492.92282,456.60703,478.21323,490.582,475.37747,509.372,467.21683,490.00003,509.79724,525.6082,583.17737,519.15967,543.43744,479.93036,486.49908,558.1944,511.08752,553.72205,561.7375,516.2138,499.1374,504.41678,561.875,524.0741,542.8855,550.1978,558.5242,561.08185,552.5391,516.76984,557.34674,568.4789
Oman,OMN,32.889908,35.459522,36.958908,37.968845,39.735863,46.577927,60.79354,60.287495,58.153595,54.4814,63.82267,65.47451,67.46645,69.17986,78.620995,110.92367,123.159355,131.11383,136.07596,141.41103,156.04964,170.44356,171.88756,200.78444,199.19774,236.93105,259.68335,283.3029,317.48486,315.79758,337.249,338.48645,353.37772,375.74258,373.15045,360.4911,393.38873
Pakistan,PAK,218.16379,231.23979,259.38654,275.5609,292.24484,305.49792,323.70065,340.02856,376.3136,389.3819,410.67953,437.42648,422.88452,453.84885,473.72205,483.7543,495.15015,514.1093,559.92676,623.0619,646.4842,681.3318,724.4105,727.99835,737.6063,740.7602,740.26276,687.83594,751.74243,775.93536,815.85895,542.20074,940.99817,971.03046,982.5163,977.2168,1083.7913
Palestine,PSE,,,,,,,,,,,,,2.7217615,4.313506,4.390881,5.764321,7.821104,7.241899,7.7683463,11.815106,14.479837,12.785172,13.1676035,12.629551,12.953758,12.947435,14.3964815,14.404332,15.299262,16.504234,18.322557,19.239206,19.312538,19.689144,20.55228,20.02833,20.529442
Panama,PAN,48.42327,49.928524,51.79989,51.26713,49.92967,52.770836,52.171192,53.090485,53.30634,59.37977,62.520016,56.26093,57.836548,60.92675,42.45507,67.0678,68.16489,67.34377,67.91378,69.25394,69.187996,75.12776,70.90109,83.056435,80.47027,91.285095,92.07825,102.21984,100.602745,102.87565,112.3791,118.755165,127.71585,130.1864,117.984116,118.70061,117.77596
Papua New Guinea,PNG,10.065335,10.426615,11.432822,10.767853,11.042495,11.183345,11.063257,11.66018,11.845969,11.34802,13.168192,13.744855,13.02699,13.120468,13.280616,15.133191,17.307549,18.11192,20.563549,22.981201,22.20698,22.762342,24.531261,21.820526,23.98301,21.745659,22.775326,22.00726,22.518286,23.83847,27.527002,29.219704,28.238922,29.388498,30.149662,21.09696,21.12761
Paraguay,PRY,16.464592,33.014732,49.08902,51.079147,63.525913,67.6712,71.73466,67.65228,76.39585,88.24514,101.764404,106.49361,117.26145,119.43555,124.97288,124.69319,110.88627,115.54269,122.492584,121.593834,119.13373,124.73727,125.26997,129.20233,128.04562,129.48898,136.43077,140.0199,141.21852,133.65765,137.09798,154.90407,148.94304,149.09532,129.97318,122.400375,105.80124
Peru,PER,102.57679,110.4843,120.63495,117.19201,107.9548,107.016975,106.14931,103.354836,112.95392,122.81121,133.32191,137.43759,134.76834,139.04411,142.63318,147.35915,146.07588,149.57689,147.67165,157.39606,163.72984,165.59296,180.28453,194.64412,198.44006,225.28638,248.55608,256.7254,262.58148,268.82904,281.66946,298.93784,303.5903,318.42453,326.58514,287.86343,327.408
Philippines,PHL,135.46996,137.34001,148.97546,164.29034,181.38228,187.4888,184.33916,198.10312,217.21846,226.29425,258.4611,277.04028,302.24133,300.0672,305.19662,307.7135,300.85208,302.28552,311.88364,319.26147,319.3413,305.30978,316.79916,327.54846,331.4022,341.03098,347.83694,359.88647,384.94003,404.6579,443.82196,484.6147,531.86365,549.69855,566.12146,513.7529,545.51025
Poland,POL,1466.4423,1507.76,1556.6346,1526.9053,1469.5233,1210.3296,1184.164,1132.3966,1131.8475,1083.18,1108.7225,1163.9498,1152.5406,1104.1995,1082.7218,1017.52454,1010.4564,999.5792,1034.2067,1041.2186,1061.9366,1110.3589,1104.644,1124.4279,1085.191,1157.2504,1162.6655,1127.9269,1131.3181,1089.3545,1103.0131,1150.2451,1208.289,1222.0825,1187.2677,1139.2343,1224.7583
Portugal,PRT,150.63393,159.43527,163.16217,181.04091,195.47191,202.6525,210.48746,214.64983,220.11699,229.92426,244.81145,252.3608,256.37534,279.4924,285.07565,294.0285,298.77744,296.89145,305.17673,298.75143,298.26312,295.87436,297.49106,285.50482,288.23376,304.1046,289.8307,264.46674,289.6614,291.7736,289.52225,309.8667,301.87787,307.7067,293.05664,265.24768,266.48996
Puerto Rico,PRI,66.82214,67.94035,68.1321,68.36724,68.35696,66.79779,66.534325,66.88803,66.85343,66.983055,66.98196,67.09857,67.05391,67.10307,66.7836,129.38522,140.83076,144.58249,150.49333,155.4434,150.56503,136.73483,131.96162,123.53281,115.638535,98.04779,106.172134,111.84072,98.463196,93.823845,93.84724,87.81292,85.238625,85.661026,80.78419,70.20701,78.72069
Qatar,QAT,66.11001,72.07097,69.853096,73.53971,77.74552,78.83766,90.81281,144.29257,154.35905,156.66763,156.14798,115.15913,125.89061,135.5558,150.8979,134.84448,129.62796,142.69861,163.61983,197.56996,223.67253,235.1546,256.27798,284.13947,288.18494,335.14056,392.00903,444.27734,482.34198,521.48706,593.3197,582.5708,564.08673,558.8765,583.49774,511.53665,541.8489
Reunion,REU,4.8923893,4.822882,5.33637,5.7279973,6.344197,6.7222166,7.357164,7.6423297,9.3072,9.610064,9.503071,9.538161,9.614362,11.937303,11.94798,11.372013,11.419025,11.611752,11.7278185,13.029617,12.387373,11.697735,11.394519,12.474653,12.7401705,13.868588,13.350306,0,0,0,0,0,0,0,0,0,0
Romania,ROU,714.904,730.08276,757.117,771.1353,772.47723,735.2153,624.4442,550.6738,535.22186,504.85083,554.8026,551.40155,523.3253,478.84515,421.17096,420.3319,425.10504,441.3068,441.24448,457.62424,460.44913,467.60983,451.00397,449.79733,392.12247,396.42383,408.34097,393.3322,369.5765,379.1164,381.13568,381.0851,387.93585,392.05106,383.81754,369.48853,390.003
Russia,RUS,9555.139,9724.456,10042.625,10218.061,10255.829,10076.103,9938.643,9566.619,8919.131,8138.4243,7702.033,7413.202,7011.005,6997.9463,7086.5376,7214.0903,7328.2676,7298.4604,7448.467,7514.088,7503.9023,7836.936,7878.3345,7914.6255,7522.19,7814.2354,8080.5483,8128.3633,8032.5254,8057.7617,7930.555,8086.0635,8135.742,8432.208,8370.03,8078.97,8335.356
Rwanda,RWA,3.2676582,3.263315,3.2791455,3.26656,3.366482,3.5214734,3.5856528,3.6027904,3.2980359,3.3714628,3.4315162,3.3943346,3.440918,3.4921656,3.3846266,2.9012215,2.8541949,2.9182105,2.9041436,2.7986286,2.7135086,2.6324716,2.69153,2.8321178,2.983624,3.3498561,3.7225063,4.0854783,4.3376565,4.586371,5.078819,5.124537,5.6115375,6.1547008,6.7457433,6.532406,6.3453274
Saint Helena,SHN,0.012736281,0.01273005,0.025903778,0.025907017,0.025903778,0.025903778,0.01273005,0.012733687,0.01273005,0.01273005,0.01273005,0.012733687,0.01273005,0.01273005,0.012735257,0.05144751,0.05137214,0.053568866,0.05299995,0.034595445,0.04317923,0.039768886,0.050386753,0.041006707,0.038560074,0.043716818,0.042769812,0.047378305,0.04544818,0.043143936,0.039271526,0.039564595,0.042304035,0.039756987,0.053765792,0.051328775,0.05416876
Saint Kitts and Nevis,KNA,0.24127278,0.20649934,0.20649934,0.21984309,0.21934554,0.21934554,0.2945023,0.29516926,0.35996792,0.4222785,0.35996792,0.42343542,0.4222785,0.4222785,0.4222785,0.77124137,0.7972201,0.8721584,0.87356246,0.9447932,0.88021934,0.91214526,0.964404,0.96331036,0.9857586,0.9927406,1.0402569,1.0350876,1.0313666,1.0442275,1.0690248,1.0972828,1.096758,1.109576,1.1092261,0.93629295,0.9955214
Saint Lucia,LCA,0.5254628,0.5271968,0.5748212,0.73377025,0.7319771,0.7319771,0.7319771,0.73377025,0.7319771,0.8645196,0.8645196,0.8666404,0.8645196,0.8645196,0.86453,1.4649984,1.5886995,1.435502,1.5884622,1.5941045,1.644353,1.6587405,1.7149497,1.7625866,1.7193571,1.7970566,1.823979,1.8156713,1.8109919,1.8287804,1.8412378,1.8611505,2.017484,1.8545495,2.7253225,2.296203,2.4433672
Saint Pierre and Miquelon,SPM,0.56002724,0.6893998,0.88626677,0.8901046,1.074621,1.0112433,0.9499879,0.87473804,0.4984846,0.50878376,0.32185203,0.3227027,0.18693171,0.2492423,0.2492423,0.28136575,0.28136575,0.30683625,0.34543875,0.3327035,0.34543875,0.34543875,0.358174,0.358174,0.358174,0.37662765,0.37915125,0.37393993,0.38286927,0.39900616,0.39900616,0.406241,0.39900616,0.43412676,0.37330163,0.34147954,0.3447809
Saint Vincent and the Grenadines,VCT,0.2520291,0.2311024,0.24004138,0.27957788,0.38798857,0.36621585,0.31768548,0.40167654,0.3474143,0.57681936,0.6329866,0.5781221,0.66649437,0.7299698,0.73016316,0.70107085,0.8113593,0.87720495,0.91923475,1.0153716,1.0192647,1.0110943,1.030302,1.0313883,1.386905,1.0250771,0.950233,1.1519914,0.9423633,0.97102666,0.9954189,0.99340993,1.1439728,1.0528235,0.9069623,0.81501937,0.8603289
Samoa,WSM,0.5276603,0.47738817,0.4711229,0.47176188,0.5958085,0.5956327,0.595832,0.55555475,0.6101939,0.61024517,0.61323804,0.62703764,0.6334356,0.6482231,0.66353077,0.9294912,0.99314994,1.0486636,1.0578926,1.0579338,1.0711751,1.1068504,1.1812634,1.2117565,1.268139,1.265527,1.2806268,1.2395581,1.2030401,1.2231327,1.4193091,1.5122826,1.5256896,1.5136653,1.631313,1.5522943,1.5975583
Sao Tome and Principe,STP,0.14326438,0.15277249,0.1557706,0.15587732,0.15580109,0.2803519,0.29555774,0.2960061,0.29525998,0.35758695,0.3575776,0.35848272,0.3573455,0.3543195,0.36038002,0.2920681,0.27292243,0.30888617,0.34411958,0.3892842,0.41149172,0.43763942,0.4553835,0.49135783,0.5224024,0.5628879,0.5825518,0.61552113,0.61556506,0.6155105,0.6436711,0.66496056,0.676261,0.6657166,0.73365,0.70130306,0.7385749
Saudi Arabia,SAU,729.73376,784.659,831.73804,870.27454,856.5453,928.33704,972.4523,981.7563,1002.8503,1159.5804,1130.0059,1168.5529,1190.249,1252.5769,1275.4302,1334.8796,1422.3324,1481.3827,1569.191,1702.4476,1811.1058,1900.1699,1944.0571,2128.4639,2205.1382,2451.1067,2557.2908,2714.2104,2731.2205,2931.7173,3056.6255,3179.844,3181.8193,3101.6775,2967.3794,2886.4114,2981.9167
Senegal,SEN,11.419605,11.720121,11.861569,10.167631,10.51104,10.639013,9.823521,11.899441,12.407195,14.965404,16.19766,16.336248,14.921134,15.875778,17.482012,19.907433,21.694818,22.512268,22.695988,24.01114,24.913963,24.46621,26.381638,27.04076,25.887234,26.842123,28.119997,27.669542,28.785759,31.947577,37.051647,35.844208,38.039948,39.58574,44.056408,41.623035,42.279724
Serbia,SRB,,,,,,,,,,,,,,,,,,,,,,205.23045,204.41664,203.66197,194.43457,200.62114,202.77405,190.9791,190.3472,169.54901,187.72292,192.31615,196.76714,196.85847,196.88872,192.86804,201.68896
Seychelles,SYC,1.3112547,1.2456359,1.3155034,1.9421709,2.0209935,1.8049726,2.0465672,2.029215,2.0861154,2.0861154,2.159614,2.16536,2.293509,2.293509,2.293514,3.7609558,4.0456696,3.5229077,3.5142403,4.9049377,4.46787,4.746781,3.9024448,4.254021,4.6369734,4.1934004,3.6006186,4.143042,3.7422965,4.3764224,4.535706,5.050324,5.2665887,4.6721234,4.778491,4.612663,4.891292
Sierra Leone,SLE,3.4433193,3.635325,3.9834497,4.334058,4.2147117,4.277035,4.530813,3.274965,3.2696078,3.1036978,3.5694616,3.5170188,3.697415,3.6974328,3.697433,1.8761117,2.3542166,2.3687215,2.4334383,2.4281993,2.1991792,2.6608646,2.5130577,2.472516,2.482459,2.9497683,3.7337694,4.1459603,4.8245325,5.30554,4.3349442,4.432782,4.4046493,4.4665146,4.1280594,3.9566472,4.1479893
Singapore,SGP,141.89363,164.75606,173.23671,200.4296,228.53755,273.10358,278.31494,298.58746,326.2119,373.0835,388.94086,392.47714,412.80063,418.50928,414.32617,443.01443,500.7205,482.24014,454.2738,509.29944,536.788,590.98,635.4063,677.6433,728.32654,773.3151,802.5536,804.334,812.4909,828.2924,878.4029,926.7514,950.00244,950.5948,929.6794,910.51807,910.7139
Slovakia,SVK,239.66718,237.59346,242.9572,244.17126,247.676,248.35374,222.18843,213.74225,209.9761,206.84326,209.74927,211.20241,207.3214,209.5209,211.29335,218.24721,224.55817,226.4268,219.88297,215.043,226.26744,220.17848,206.62883,212.20859,192.31781,205.4999,197.69135,189.89334,194.58702,181.1199,182.98993,184.74371,194.5947,191.29565,184.84892,181.1254,195.22316
Slovenia,SVN,,,,,,69.149086,69.27216,64.74518,66.60287,70.870865,74.35013,78.02012,79.77097,79.98334,79.097206,78.464615,82.23002,81.79992,80.23734,85.14317,85.30864,85.83053,85.379166,93.65597,86.41146,86.566666,84.03898,81.65901,80.778595,82.86102,74.71551,79.85814,80.720924,82.39095,80.00229,77.29536,76.58192
Solomon Islands,SLB,0.5537043,0.505206,0.5888783,0.7056485,0.70397425,0.70397425,0.70397425,0.7056485,0.70397425,0.70397425,0.70397425,0.7056485,0.70397425,0.70397425,0.70398057,1.0562664,1.1048013,1.1416957,1.1932362,1.2691125,1.300733,1.3493745,1.4384215,1.4597304,1.5107039,1.5564928,1.6160148,1.6206181,1.6141902,1.5197262,1.3884337,1.3345238,1.3268349,1.3894602,1.3684785,1.2975992,1.3393546
Somalia,SOM,5.54307,5.9150643,4.3701386,4.383528,4.490098,4.0684986,2.4244936,2.2531505,2.3713613,2.3713613,2.3713613,2.3778582,2.3713613,2.3713613,2.3713622,2.9661891,3.0154185,3.259806,3.259806,3.26211,3.2936735,3.3188102,3.3664858,3.3308442,3.3219945,3.405021,3.405021,3.4161766,3.416206,3.416448,3.5448291,3.6269844,3.627606,3.6413927,3.6369123,3.5074317,3.7102253
South Africa,ZAF,914.5561,931.7011,946.4509,1042.2996,995.7217,1029.669,1022.2481,1027.0381,1025.258,1069.309,1117.5164,1139.7627,1165.5427,1145.0255,1183.7446,1185.383,1191.5363,1161.1248,1257.9573,1372.7738,1299.3215,1326.0605,1362.1951,1459.6962,1453.2137,1463.9884,1446.2135,1423.831,1430.1221,1446.7012,1417.7021,1482.439,1476.9373,1421.1741,1485.7,1392.8961,1406.0925
South Korea,KOR,624.1695,700.4699,776.4874,866.7034,942.22174,1066.0366,1205.6149,1359.7162,1491.0802,1607.975,1756.9393,1940.4342,2131.1228,1946.3701,2122.0237,2244.4927,2298.658,2404.6748,2482.2622,2540.1335,2625.468,2669.0784,2749.1406,2794.9094,2810.5596,3035.2512,3176.248,3216.2932,3225.866,3252.673,3309.5176,3407.431,3445.8071,3503.0505,3462.6758,3346.965,3506.508
South Sudan,SSD,,,,,,,,,,,,,,,,,,,,,,,,,,,,5.968685,6.313152,6.5313106,8.003829,7.7284136,6.7726936,6.9831424,7.8094916,7.4576077,7.8676186
Spain,ESP,922.28284,941.6921,976.3617,1019.78534,1068.3877,1068.7544,1106.5184,1159.128,1121.5013,1174.6917,1219.4099,1266.5682,1317.5939,1377.544,1441.6735,1525.3481,1587.0781,1614.6259,1694.7809,1744.4594,1770.3298,1783.0667,1828.4081,1774.5941,1652.099,1692.3475,1661.3557,1647.511,1578.5305,1554.2189,1573.1444,1582.9133,1602.0426,1628.6714,1583.871,1422.96,1530.2695
Sri Lanka,LKA,25.695911,27.04742,27.813168,27.516165,26.79549,29.88699,29.826563,31.998472,34.900852,37.80947,40.738224,42.854855,44.23366,47.155613,50.71928,53.54662,52.03296,53.509136,55.061676,53.50688,61.786396,66.334045,67.44016,63.5758,64.45984,69.6159,75.57897,77.95245,79.214134,85.89107,91.3002,100.87174,106.731476,112.36916,113.03538,106.000435,109.63753
Sudan,SDN,18.30561,20.166206,19.42159,21.011843,20.407644,18.62835,25.89845,23.910313,22.676283,20.844128,19.229437,19.548384,19.941727,19.969261,21.59417,31.099447,33.412537,39.556854,41.0194,44.981018,52.216953,62.25674,66.0825,72.02395,77.59177,87.87112,84.763115,81.78617,85.83844,88.02482,91.00936,105.69049,107.986336,107.29716,106.3234,105.689606,105.80567
Suriname,SUR,8.30414,7.6399126,5.539323,6.50083,8.759372,10.056497,10.321537,10.073026,10.327038,10.343268,9.930027,9.811354,10.030891,10.024827,10.086773,8.362971,8.256402,9.158484,8.113691,9.195907,9.358116,10.199214,9.53478,11.2806635,11.472827,13.780254,11.211893,12.2093115,11.753048,11.440299,10.527559,10.940309,12.749405,12.877228,12.984192,12.3576,12.43448
Sweden,SWE,691.6258,716.90735,701.8712,685.92914,670.8262,644.2066,642.13525,652.9921,647.1559,649.77924,666.6495,650.22375,673.38367,705.51447,690.03156,651.7829,695.75635,649.4724,609.23724,664.59674,673.01,630.1431,641.1071,638.5652,579.813,621.73535,612.0157,645.2445,603.5434,600.7766,622.0618,609.4006,631.34283,609.1949,625.81903,600.27936,633.67957
Switzerland,CHE,323.77658,339.8634,337.86115,340.43762,318.1629,331.62537,340.5722,346.0551,345.47397,362.97556,343.99533,332.291,355.31622,357.3256,373.4259,364.33627,389.12653,362.2444,358.35925,357.15845,340.78186,350.0934,354.89297,362.54153,355.00604,359.47733,334.9234,354.06448,359.14597,344.43954,336.3216,316.24518,316.9949,321.45792,335.947,308.59106,298.0824
Syria,SYR,112.92226,113.02141,126.34034,132.49445,141.60886,164.02126,152.10997,156.73633,173.90192,184.8422,177.84169,191.76323,203.78767,219.36472,225.80566,217.77657,215.20609,232.92659,226.19656,251.64294,284.30347,296.28735,305.67963,310.27234,290.3516,300.48273,272.00482,210.19695,154.28238,137.03278,122.00345,118.85896,119.593094,139.97821,123.70372,115.59429,117.437904
Taiwan,TWN,397.34283,432.4252,468.09335,517.0206,548.2978,584.23175,617.2895,655.8408,693.913,736.4621,782.52057,814.7292,862.25275,912.7511,955.304,1021.1063,1053.7458,1095.9244,1145.4336,1193.288,1208.7517,1241.0974,1292.8342,1244.95,1208.2955,1294.536,1290.1554,1279.3834,1304.6991,1333.8788,1332.9417,1339.7499,1340.7555,1356.7789,1330.6912,1291.7134,1372.9414
Tajikistan,TJK,,,,,,,,82.80273,76.481674,74.153854,61.230343,67.42195,64.100624,66.17354,74.73047,58.809704,61.558994,63.334854,66.60821,67.84215,69.35905,67.84031,63.97413,61.66019,55.35351,57.19694,56.486645,59.67916,61.830788,63.163795,63.24625,65.10699,66.41349,70.850876,75.084435,74.622086,74.83101
Tanzania,TZA,12.658344,14.382634,13.292438,14.16271,14.514281,15.965266,14.634469,15.371452,16.023035,14.390958,14.268401,15.107514,14.056167,16.24239,17.073603,17.486872,20.142588,22.16277,22.399557,27.307398,28.83554,29.666235,32.122528,33.49891,33.220722,38.205566,38.920326,46.75305,48.820095,51.073086,52.658886,57.78317,52.416847,56.283737,57.2517,56.37248,57.700302
Thailand,THA,190.29178,202.47098,231.10925,260.1077,300.99768,353.89777,390.45294,427.20462,484.76025,544.8368,615.0653,695.9609,732.63904,675.0387,715.28613,741.69116,782.2085,847.9409,911.6903,989.7312,1021.1172,1042.9984,1078.6527,1078.5447,1108.9133,1179.445,1212.482,1292.8707,1312.8635,1357.1696,1377.446,1405.5717,1432.6826,1478.3762,1479.7451,1375.7584,1386.81
Togo,TGO,3.132866,2.6596277,2.5433803,2.627408,3.075425,2.9766202,4.928404,3.6581836,3.1435466,3.259151,3.575957,3.4279113,3.2421713,3.5538192,5.0185328,4.6001277,4.067236,4.4609675,5.5633974,5.474351,5.3394847,4.6541786,5.6827917,6.777562,12.018809,11.477035,10.6178055,9.424583,9.597932,8.328414,6.4887404,8.692368,8.421565,10.085071,10.749471,9.730233,9.645073
Tonga,TON,0.18462697,0.114677966,0.25430566,0.31800014,0.3928349,0.3928349,0.399023,0.3793961,0.37856907,0.5144775,0.46501318,0.52847743,0.5530161,0.5622899,0.5622996,0.43816754,0.39465553,0.4279255,0.5272463,0.48829514,0.5199836,0.5849014,0.5007443,0.5407516,0.5869289,0.5342066,0.5055221,0.5151959,0.5056593,0.54864866,0.5736207,0.6066782,0.7202176,0.6288607,0.7203973,0.68865055,0.7102787
Trinidad and Tobago,TTO,59.102222,61.45135,58.013767,63.754013,62.721416,69.59995,69.38886,73.44645,77.41753,82.043274,88.97197,100.801254,100.775185,102.29102,113.68905,115.61168,126.97976,136.84647,154.78418,169.78021,187.23141,216.94562,221.37611,218.08711,216.49208,233.52127,230.53961,225.92021,228.57895,228.8344,221.63606,195.77258,207.06696,194.03856,195.2032,169.34329,173.1243
Tunisia,TUN,50.30534,52.9521,49.3183,52.85626,59.121128,58.76145,48.580418,56.07515,64.0092,69.32987,62.61104,67.2711,78.15578,84.014435,84.644936,89.077736,98.87915,97.87186,96.474365,98.363,106.75748,100.683784,89.71564,103.76223,86.5445,88.802345,84.71706,93.10589,98.607254,108.65896,112.222084,112.01615,118.58322,121.81989,122.03721,112.99091,116.7936
Turkey,TUR,386.09256,420.70285,479.59354,527.38464,517.6126,561.30585,573.1288,602.78625,655.2284,634.501,710.1067,774.6377,810.2815,830.6854,808.9184,863.5399,784.46936,859.18634,909.41766,973.8414,996.11523,1105.0514,1173.7197,1176.6809,1192.7384,1253.1666,1337.0265,1421.041,1412.1876,1454.355,1589.0212,1669.2389,1787.3416,1787.8729,1849.1666,1821.7764,1951.1511
Turkmenistan,TKM,143.10408,178.1074,177.18321,178.38303,183.29047,161.00798,146.22882,137.78027,127.52135,135.59479,104.26984,157.82965,123.345955,140.6399,123.280945,129.93735,152.16,130.3451,167.96407,186.74303,175.53485,180.04166,165.96118,154.48459,226.94315,246.76543,266.97717,315.05435,268.03357,283.70267,322.79703,349.10052,324.88077,366.50565,349.90903,439.79727,443.09784
Turks and Caicos Islands,TCA,0,0,0,0,0,0,0,0,0,0,0.05541887,0.055570707,0.055418745,0.060961127,0.060961127,0.28909034,0.3069197,0.40869987,0.42026347,0.43299875,0.50941026,0.5858218,0.68770385,0.73227733,0.7386449,0.7641154,0.7641154,0.7641154,0.7704831,0.8277917,0.8531299,0.882437,0.9551443,0.95781237,0.98704517,0.8315684,0.88545346
Tuvalu,TUV,0,0,0,0,0,0,0,0,0,0,0,0,0,0,0,0,0,0,0,0,0,0,0,0,0,0,0,0,0,0,0,0,0,0,0,0,0
Uganda,UGA,4.194928,4.391403,4.03024,5.206089,5.204816,5.7100058,6.0413623,6.83605,6.891879,7.128598,7.18647,7.4870243,7.9553065,8.513077,8.532739,10.351615,10.553908,10.818169,11.40781,12.1522,13.790744,13.399772,16.166252,17.002748,17.366898,19.54894,20.452541,19.799433,22.977688,26.487562,26.524347,29.64469,32.298073,34.92294,34.858654,34.032326,35.162792
Ukraine,UKR,2780.6597,2792.9468,2852.486,2855.3503,2732.057,3194.6973,2994.5684,2530.553,2218.2783,1895.8517,1849.7551,1724.0723,1662.8889,1604.6539,1580.5836,1585.4565,1562.9003,1553.2377,1591.9277,1585.8718,1605.4926,1624.4312,1617.8817,1562.0526,1330.5576,1426.9147,1474.7443,1442.9894,1369.5685,1208.3707,1003.4079,1049.9954,975.3309,1011.9886,957.66315,918.4516,934.7169
United Arab Emirates,ARE,201.63351,244.38722,273.0771,301.8825,340.16492,344.9527,420.83743,406.69565,423.47034,464.67413,484.871,499.6879,521.45636,534.11285,538.36896,535.7819,541.566,591.6931,631.1553,675.06537,704.5981,741.29297,818.361,938.40045,925.57526,972.4917,1020.93134,1074.0997,1133.2446,1130.8772,1227.7888,1276.3125,1215.4445,1150.513,1219.0671,1204.6757,1246.315
United Kingdom,GBR,2390.7263,2457.0554,2452.9358,2485.6873,2488.6924,2508.3933,2561.2166,2545.3274,2574.725,2543.8228,2552.5452,2676.295,2629.9988,2651.618,2639.2192,2664.1162,2691.8062,2630.84,2668.7344,2690.6519,2712.6826,2678.337,2604.1917,2558.816,2429.637,2481.1199,2341.7302,2379.26,2376.7168,2246.046,2281.359,2243.5447,2249.0764,2246.8015,2199.0686,1971.1879,1990.9581
United States,USA,20184.246,20371.605,21055.266,22014.584,22546.822,22609.195,22579.719,22913.11,23396.385,23824.129,24343.418,25165.373,25354.094,25513.361,25965.076,26546.236,25918.355,26297.27,26383.084,26899.117,26912.564,26699.963,27066.71,26407.25,25110.525,25953.547,25729.088,25047.367,25728.627,25995.912,25747.426,25727.05,25823.844,26768.986,26578.494,24622.646,25956.828
United States Virgin Islands,VIR,12.463276,12.463276,12.514389,12.235281,12.187185,12.1756935,12.238759,12.41218,12.603332,12.25902,12.092308,11.951786,11.927001,11.959655,12.302871,38.922974,56.340748,55.74785,65.64431,67.30146,65.83307,70.04831,65.391975,37.897537,33.080082,29.931156,19.81696,11.355117,5.950856,12.162098,12.055491,9.9803915,9.936704,9.95451,9.953692,9.298845,9.807009
Uruguay,URY,31.672277,33.377483,35.59355,35.13744,30.617828,39.431126,34.995934,40.390778,41.30509,40.811413,36.20516,37.84972,41.39049,51.81559,46.471447,48.07135,52.638767,46.745884,46.94249,45.158947,48.757713,44.443203,52.60412,55.88043,59.044327,61.32824,60.04342,60.14031,62.865517,64.683334,66.68303,67.64129,65.31021,66.96002,68.516846,60.45974,62.75864
Uzbekistan,UZB,466.0608,457.33334,476.59866,479.7947,496.5047,519.6804,512.1747,485.5639,506.12793,500.6075,506.9484,522.13617,518.00336,518.1659,581.1693,594.8142,596.15393,611.15375,553.1557,555.84686,561.67316,524.7783,557.1803,523.7915,524.4014,526.20746,550.0545,542.4032,544.20325,567.4339,538.7107,522.3972,535.0315,540.08813,542.1058,539.9758,565.7743
Vanuatu,VUT,0.5179874,0.48273185,0.42654,0.5525972,0.4839085,0.4839085,0.40459406,0.21218392,0.21166554,0.21166554,0.21166554,0.21218392,0.21166554,0.21166554,0.21167545,0.38192254,0.42538476,0.40593863,0.47634578,0.383381,0.3833859,0.35560426,0.57652485,0.5684747,0.6569943,0.67907953,0.7855608,0.6590613,0.6384758,0.72912383,0.6867209,0.69276536,0.77244866,0.99481606,0.96026534,0.9112493,0.94385636
Venezuela,VEN,503.7729,541.2463,540.817,563.32416,568.06134,603.55475,607.64124,657.61456,650.6573,706.3283,727.39716,708.8627,749.3555,751.75714,731.85394,772.0122,817.00165,815.8416,734.01483,816.96375,849.18616,933.96747,975.66235,1000.32117,1010.7821,957.00903,1009.91864,1054.9285,1037.0094,1013.23816,969.30066,890.0844,872.97437,727.8724,656.968,527.86017,604.086
Vietnam,VNM,61.650703,66.83211,75.24842,75.216125,71.687004,77.12802,78.51418,85.79279,97.97239,109.445335,127.15272,145.77272,167.91832,181.61017,188.04898,214.14896,242.04488,264.75528,285.32867,347.77454,369.7913,338.9682,370.27383,457.2086,467.72537,540.2252,597.14197,624.23193,659.4035,728.0775,826.4728,898.7783,963.6317,1083.2736,1202.6356,1204.3934,1208.5538
Western Sahara,ESH,0.8170805,0.78926206,0.8024358,0.8043466,0.8024358,0.8647464,0.8647464,0.8668279,0.8262138,0.8262138,0.93199897,0.9342648,0.93199897,0.93199897,0.93201095,1.0689286,1.0689286,1.0689286,1.0689286,1.0689286,1.0689286,1.0689286,1.0689286,1.0689286,1.0689286,1.0689286,1.0689286,1.0718571,1.0689286,1.0689286,1.0680213,1.0656115,1.0879079,1.0879079,1.0879078,1.0387679,1.0960758
World,OWID_WRL,84334.52,86208.23,89326.29,92653.53,94447.7,95544.766,96308.88,96875.95,97654.24,98897.48,101057.41,103970.734,105023.28,105631.78,107428.625,110368.055,111445.56,113809.49,117810.22,123728.97,127874.88,131488.69,135522.6,137130.72,134952.47,141457.53,144707.94,146744.78,149299.22,150891.02,152035.48,153607.73,157252.06,161518.44,163346.6,157667.72,165729.03
Yemen,YEM,42.794655,41.182102,40.838615,42.12204,44.990585,47.05994,48.70098,51.04823,42.061832,39.833626,44.17098,44.43369,45.844646,49.638474,37.269745,60.137375,64.71264,65.27977,74.84437,79.02325,83.28513,83.21375,88.35376,92.7769,102.779945,99.73686,83.800766,72.61362,102.48065,97.00695,52.38784,41.93655,38.71062,36.047256,46.562454,35.254242,35.62147
Zambia,ZMB,37.87415,37.696514,34.93998,35.643196,30.656271,32.949528,31.70527,32.5216,31.087202,30.925442,29.71359,28.265844,30.580359,29.939411,29.044266,29.192387,30.552584,31.591335,32.729675,33.70957,35.48304,36.686504,34.643147,35.816727,36.42354,38.178368,42.771206,45.95524,48.72951,52.302757,50.614338,47.732758,55.389618,62.3282,54.84517,58.65856,66.57597
Zimbabwe,ZWE,42.914368,48.000946,54.200005,53.480362,57.918106,61.26523,62.641453,57.596798,55.571808,53.191315,52.709675,54.151863,53.431423,53.855816,62.035587,58.220966,54.96867,54.66487,53.101574,49.193604,50.860035,51.27982,50.259453,41.72816,41.263683,46.1291,50.289833,54.480045,55.37839,54.603966,54.65108,46.64871,45.256546,51.80943,46.11994,41.99676,42.145393
